,
Roll No.,Core Section
2229004,CSCE-01
2229008,CSCE-01
2229021,CSCE-01
2229024,CSCE-01
2229126,CSCE-01
2229132,CSCE-01
2229140,CSCE-01
2229145,CSCE-01
2229146,CSCE-01
2229148,CSCE-01
2229150,CSCE-01
2229159,CSCE-01
2229173,CSCE-01
2229186,CSCE-01
2229194,CSCE-01
2229196,CSCE-01
2229197,CSCE-01
2229201,CSCE-01
2229001,CSCE-01
2229003,CSCE-01
2229005,CSCE-01
2229006,CSCE-01
2229009,CSCE-01
2229010,CSCE-01
2229011,CSCE-01
2229012,CSCE-01
2229015,CSCE-01
2229019,CSCE-01
2229022,CSCE-01
2229025,CSCE-01
2229026,CSCE-01
2229028,CSCE-01
2229035,CSCE-01
2229037,CSCE-01
2229042,CSCE-01
2229057,CSCE-01
2229061,CSCE-01
2229066,CSCE-01
2229075,CSCE-01
2229091,CSCE-01
2229093,CSCE-01
2229095,CSCE-01
2229098,CSCE-01
2229106,CSCE-01
2229114,CSCE-01
2229115,CSCE-01
2229116,CSCE-01
2229120,CSCE-01
2229121,CSCE-01
2229124,CSCE-01
2229130,CSCE-01
2229131,CSCE-01
2229133,CSCE-01
2229136,CSCE-01
2229138,CSCE-01
2229139,CSCE-01
2229143,CSCE-01
2229155,CSCE-01
2229160,CSCE-01
2229164,CSCE-01
2229166,CSCE-01
2229175,CSCE-01
2229192,CSCE-01
2229195,CSCE-01
2229206,CSCE-01
2229208,CSCE-01
2229046,CSCE-02
2229077,CSCE-02
2229084,CSCE-02
2229085,CSCE-02
2229101,CSCE-02
2229103,CSCE-02
2229112,CSCE-02
2229125,CSCE-02
2229141,CSCE-02
2229144,CSCE-02
2229151,CSCE-02
2229157,CSCE-02
2229172,CSCE-02
2229179,CSCE-02
2229187,CSCE-02
2129063,CSCE-02
2229002,CSCE-02
2229007,CSCE-02
2229013,CSCE-02
2229016,CSCE-02
2229018,CSCE-02
2229020,CSCE-02
2229034,CSCE-02
2229038,CSCE-02
2229047,CSCE-02
2229048,CSCE-02
2229051,CSCE-02
2229052,CSCE-02
2229055,CSCE-02
2229073,CSCE-02
2229083,CSCE-02
2229087,CSCE-01
2229094,CSCE-02
2229096,CSCE-02
2229102,CSCE-02
2229104,CSCE-02
2229105,CSCE-02
2229108,CSCE-02
2229109,CSCE-02
2229110,CSCE-02
2229118,CSCE-02
2229119,CSCE-02
2229122,CSCE-02
2229127,CSCE-02
2229128,CSCE-02
2229129,CSCE-02
2229134,CSCE-02
2229149,CSCE-02
2229154,CSCE-02
2229161,CSCE-02
2229162,CSCE-02
2229168,CSCE-02
2229176,CSCE-02
2229178,CSCE-02
2229180,CSCE-02
2229182,CSCE-02
2229184,CSCE-02
2229190,CSCE-02
2229191,CSCE-02
2229198,CSCE-02
2229199,CSCE-02
2229200,CSCE-02
2229204,CSCE-02
2229205,CSCE-02
2229041,CSCE-03
2229045,CSCE-03
2229049,CSCE-03
2229059,CSCE-03
2229067,CSCE-03
2229068,CSCE-03
2229072,CSCE-03
2229088,CSCE-03
2229111,CSCE-03
2229113,CSCE-03
2229156,CSCE-03
2229167,CSCE-03
2229170,CSCE-03
2229177,CSCE-03
2229181,CSCE-03
2229189,CSCE-03
2229193,CSCE-03
2229017,CSCE-03
2229023,CSCE-03
2229027,CSCE-03
2229029,CSCE-03
2229030,CSCE-03
2229031,CSCE-03
2229032,CSCE-03
2229033,CSCE-03
2229036,CSCE-03
2229043,CSCE-03
2229044,CSCE-03
2229050,CSCE-03
2229053,CSCE-03
2229054,CSCE-03
2229056,CSCE-03
2229060,CSCE-03
2229062,CSCE-03
2229063,CSCE-03
2229064,CSCE-03
2229065,CSCE-03
2229069,CSCE-03
2229070,CSCE-03
2229071,CSCE-03
2229076,CSCE-03
2229078,CSCE-03
2229079,CSCE-03
2229080,CSCE-03
2229081,CSCE-03
2229082,CSCE-03
2229090,CSCE-03
2229092,CSCE-03
2229099,CSCE-03
2229100,CSCE-03
2229117,CSCE-03
2229137,CSCE-03
2229142,CSCE-03
2229147,CSCE-03
2229152,CSCE-03
2229158,CSCE-03
2229163,CSCE-03
2229165,CSCE-03
2229169,CSCE-03
2229171,CSCE-03
2229183,CSCE-03
2229185,CSCE-03
2229203,CSCE-03
2229207,CSCE-03
2229209,CSCE-03
2205233,CSE-01
2205432,CSE-01
22051321,CSE-01
22051769,CSE-01
22051852,CSE-01
22051873,CSE-01
22051894,CSE-01
22052057,CSE-01
22052300,CSE-01
22052397,CSE-01
22052418,CSE-01
22052542,CSE-01
22052583,CSE-01
22052601,CSE-01
22052606,CSE-01
22052764,CSE-01
22052973,CSE-01
22053577,CSE-01
22053614,CSE-01
22054099,CSE-01
22054158,CSE-01
2205017,CSE-01
2205153,CSE-01
2205352,CSE-01
2205367,CSE-01
2205418,CSE-01
2205524,CSE-01
2205629,CSE-01
2205640,CSE-01
2205643,CSE-01
2205751,CSE-01
2205758,CSE-01
2205775,CSE-01
22051049,CSE-01
22051051,CSE-01
22051071,CSE-01
22051081,CSE-01
22051087,CSE-01
22051256,CSE-01
22051281,CSE-01
22051282,CSE-01
22051398,CSE-01
22051534,CSE-01
22051570,CSE-01
22051672,CSE-01
22051722,CSE-01
22051728,CSE-01
22051741,CSE-01
22051781,CSE-01
22051819,CSE-01
22051976,CSE-01
22052247,CSE-01
22052342,CSE-01
22052471,CSE-01
22052472,CSE-01
22052478,CSE-01
22052494,CSE-01
22052573,CSE-01
22052726,CSE-01
22052732,CSE-01
22052864,CSE-01
22053021,CSE-01
22053053,CSE-01
22053063,CSE-01
22053065,CSE-01
22053105,CSE-01
22053108,CSE-01
22053114,CSE-01
22053127,CSE-01
22053255,CSE-01
22053278,CSE-01
22053604,CSE-01
22053613,CSE-01
22053984,CSE-01
22054210,CSE-01
22054252,CSE-01
23057032,CSE-01
2205096,CSE-02
2205227,CSE-02
2205261,CSE-02
2205523,CSE-02
2205571,CSE-02
2205589,CSE-02
2205687,CSE-02
2205703,CSE-02
2205834,CSE-02
2205879,CSE-02
2205904,CSE-02
2205989,CSE-02
22051272,CSE-02
22051334,CSE-02
22051410,CSE-02
22051696,CSE-02
22052025,CSE-02
22052044,CSE-02
22052049,CSE-02
22052116,CSE-02
22052128,CSE-02
22052536,CSE-02
22052633,CSE-02
22052697,CSE-02
22052871,CSE-02
22053281,CSE-02
22054318,CSE-02
23057046,CSE-02
2205031,CSE-33
2205121,CSE-02
2205124,CSE-02
2205243,CSE-02
2205361,CSE-02
2205586,CSE-02
2205725,CSE-02
2205764,CSE-02
2205770,CSE-02
2205885,CSE-02
2205913,CSE-02
2205953,CSE-02
2205970,CSE-02
2205976,CSE-02
22051091,CSE-02
22051296,CSE-02
22051311,CSE-02
22051446,CSE-02
22051666,CSE-02
22051800,CSE-02
22051926,CSE-02
22051929,CSE-02
22051932,CSE-02
22051990,CSE-02
22052134,CSE-02
22052533,CSE-02
22052581,CSE-02
22052769,CSE-02
22052794,CSE-02
22052830,CSE-02
22052873,CSE-02
22053085,CSE-02
22053215,CSE-02
22053291,CSE-02
22053300,CSE-02
22053344,CSE-02
22053464,CSE-02
22053523,CSE-02
22053619,CSE-02
22053637,CSE-02
22053643,CSE-02
22053933,CSE-02
22053986,CSE-02
22053998,CSE-02
22054071,CSE-02
22054082,CSE-02
22054194,CSE-02
22054223,CSE-02
22054328,CSE-02
22054415,CSE-02
2205296,CSE-03
22051106,CSE-03
22051134,CSE-03
22051505,CSE-03
22051688,CSE-03
22051860,CSE-03
22051999,CSE-03
22052126,CSE-03
22052375,CSE-03
22052644,CSE-03
22052878,CSE-03
22053119,CSE-03
22053220,CSE-03
22053952,CSE-03
22053955,CSE-03
2205002,CSE-03
2205025,CSE-03
2205134,CSE-03
2205135,CSE-03
2205267,CSE-03
2205338,CSE-03
2205617,CSE-03
2205672,CSE-03
2205698,CSE-03
2205731,CSE-03
2205880,CSE-03
2205914,CSE-03
2205923,CSE-03
22051103,CSE-03
22051190,CSE-03
22051226,CSE-03
22051396,CSE-03
22051418,CSE-03
22051427,CSE-03
22051517,CSE-03
22051535,CSE-03
22051540,CSE-03
22051551,CSE-03
22051582,CSE-03
22051608,CSE-03
22051651,CSE-03
22051697,CSE-03
22051737,CSE-03
22051963,CSE-03
22052009,CSE-03
22052048,CSE-03
22052088,CSE-03
22052301,CSE-03
22052314,CSE-03
22052391,CSE-03
22052440,CSE-03
22052447,CSE-03
22052597,CSE-03
22052682,CSE-03
22052684,CSE-03
22052802,CSE-03
22052839,CSE-03
22053036,CSE-03
22053139,CSE-03
22053143,CSE-03
22053265,CSE-03
22053419,CSE-03
22053547,CSE-03
22053583,CSE-03
22053607,CSE-03
22053657,CSE-03
22053749,CSE-03
22053829,CSE-03
22053867,CSE-03
22053951,CSE-03
22053954,CSE-03
22054035,CSE-03
22054063,CSE-03
22054144,CSE-03
22054200,CSE-03
22054226,CSE-03
2205269,CSE-04
2205412,CSE-04
2205434,CSE-04
22051231,CSE-04
22051704,CSE-04
22051731,CSE-04
22051791,CSE-04
22051796,CSE-04
22052538,CSE-04
22052791,CSE-04
22053504,CSE-04
22053512,CSE-04
22053513,CSE-04
22053560,CSE-04
22053822,CSE-04
22054038,CSE-04
22054167,CSE-04
22054466,CSE-04
2205154,CSE-04
2205302,CSE-04
2205334,CSE-04
2205429,CSE-04
2205612,CSE-04
2205883,CSE-04
22051152,CSE-04
22051165,CSE-04
22051203,CSE-04
22051213,CSE-04
22051228,CSE-04
22051229,CSE-04
22051239,CSE-04
22051241,CSE-04
22051243,CSE-04
22051245,CSE-04
22051246,CSE-04
22051425,CSE-04
22051429,CSE-04
22051493,CSE-04
22051497,CSE-04
22051498,CSE-04
22051499,CSE-04
22051507,CSE-04
22051692,CSE-04
22051732,CSE-04
22051783,CSE-04
22051797,CSE-04
22051908,CSE-04
22051975,CSE-04
22052075,CSE-04
22052083,CSE-04
22052157,CSE-04
22052278,CSE-04
22052344,CSE-04
22052384,CSE-04
22052385,CSE-04
22052445,CSE-04
22052454,CSE-04
22052460,CSE-04
22052492,CSE-04
22052646,CSE-04
22052729,CSE-04
22052912,CSE-04
22053223,CSE-04
22053306,CSE-04
22053392,CSE-06
22053452,CSE-04
22053494,CSE-04
22053536,CSE-04
22053652,CSE-04
22053776,CSE-04
22053882,CSE-04
22053911,CSE-04
22053949,CSE-04
22053987,CSE-04
22054030,CSE-04
22054155,CSE-04
22054399,CSE-04
23057051,CSE-04
2205130,CSE-05
2205138,CSE-05
2205286,CSE-05
2205618,CSE-05
22051952,CSE-05
22052756,CSE-05
22052805,CSE-05
22053075,CSE-05
22053208,CSE-05
2205094,CSE-05
2205115,CSE-05
2205140,CSE-05
2205173,CSE-05
2205185,CSE-05
2205201,CSE-05
2205255,CSE-05
2205381,CSE-05
2205426,CSE-05
2205430,CSE-05
2205440,CSE-05
2205451,CSE-05
2205504,CSE-05
2205517,CSE-05
2205555,CSE-05
2205599,CSE-05
2205601,CSE-05
2205661,CSE-05
2205679,CSE-05
2205682,CSE-05
2205791,CSE-05
2205893,CSE-05
22051202,CSE-05
22051345,CSE-05
22051374,CSE-05
22051375,CSE-05
22051379,CSE-05
22051384,CSE-05
22051385,CSE-05
22051481,CSE-05
22051500,CSE-05
22051662,CSE-05
22052037,CSE-05
22052056,CSE-05
22052248,CSE-05
22052302,CSE-05
22052303,CSE-05
22052306,CSE-05
22052343,CSE-05
22052422,CSE-05
22052571,CSE-05
22052632,CSE-05
22052757,CSE-05
22052760,CSE-05
22052772,CSE-05
22052908,CSE-05
22053074,CSE-05
22053078,CSE-05
22053084,CSE-05
22053100,CSE-05
22053117,CSE-05
22053182,CSE-05
22053214,CSE-05
22053345,CSE-05
22053373,CSE-05
22053682,CSE-05
22053747,CSE-05
22053762,CSE-05
22053784,CSE-05
22053824,CSE-05
22053857,CSE-05
22053859,CSE-05
22053917,CSE-05
22053937,CSE-05
22053967,CSE-05
22053972,CSE-05
22053976,CSE-05
22054013,CSE-05
22054408,CSE-05
2205704,CSE-06
2205727,CSE-06
2205753,CSE-06
2205761,CSE-06
22052887,CSE-06
22053697,CSE-06
22053711,CSE-06
22054188,CSE-06
23057064,CSE-06
2205190,CSE-06
2205266,CSE-06
2205314,CSE-06
2205364,CSE-06
2205380,CSE-06
2205390,CSE-06
2205399,CSE-06
2205402,CSE-06
2205411,CSE-06
2205415,CSE-06
2205423,CSE-06
2205544,CSE-06
2205716,CSE-06
2205774,CSE-06
2205780,CSE-06
2205929,CSE-06
2205944,CSE-06
22051008,CSE-06
22051019,CSE-06
22051105,CSE-06
22051107,CSE-06
22051112,CSE-06
22051138,CSE-06
22051380,CSE-06
22051603,CSE-06
22051668,CSE-06
22051689,CSE-06
22051734,CSE-06
22051778,CSE-06
22051895,CSE-06
22051934,CSE-06
22052053,CSE-06
22052069,CSE-06
22052087,CSE-06
22052122,CSE-06
22052218,CSE-06
22052286,CSE-06
22052409,CSE-06
22052464,CSE-06
22052466,CSE-06
22052619,CSE-06
22052685,CSE-06
22052797,CSE-06
22052843,CSE-06
22052845,CSE-06
22052852,CSE-06
22053171,CSE-06
22053395,CSE-06
22053399,CSE-06
22053409,CSE-06
22053441,CSE-06
22053456,CSE-06
22053462,CSE-06
22053498,CSE-06
22053500,CSE-06
22053520,CSE-06
22053522,CSE-06
22053561,CSE-06
22053673,CSE-06
22053727,CSE-06
22053890,CSE-06
22054115,CSE-06
22054157,CSE-06
22054181,CSE-06
22054302,CSE-06
22054373,CSE-06
22054387,CSE-06
23057018,CSE-06
23057044,CSE-38
2205001,CSE-07
2205366,CSE-07
2205470,CSE-07
2205498,CSE-07
2205503,CSE-07
2205607,CSE-07
2205681,CSE-07
2205766,CSE-07
2205932,CSE-07
2205949,CSE-07
22051838,CSE-07
22051972,CSE-07
22051974,CSE-07
22051978,CSE-07
22051982,CSE-07
22052413,CSE-07
22052827,CSE-07
22052924,CSE-07
22053086,CSE-07
22053662,CSE-07
22053819,CSE-07
22053872,CSE-07
22053904,CSE-07
2205004,CSE-07
2205009,CSE-07
2205014,CSE-07
2205021,CSE-07
2205026,CSE-07
2205027,CSE-07
2205122,CSE-07
2205210,CSE-07
2205376,CSE-07
2205456,CSE-07
2205529,CSE-07
2205546,CSE-07
2205673,CSE-07
2205695,CSE-07
2205789,CSE-07
2205867,CSE-07
2205946,CSE-07
22051811,CSE-07
22051882,CSE-07
22051889,CSE-07
22051904,CSE-07
22051943,CSE-07
22051981,CSE-07
22052051,CSE-07
22052097,CSE-07
22052118,CSE-07
22052119,CSE-07
22052124,CSE-07
22052262,CSE-07
22052310,CSE-07
22052417,CSE-07
22052419,CSE-07
22052423,CSE-07
22052436,CSE-07
22052506,CSE-07
22052521,CSE-07
22052530,CSE-07
22052572,CSE-07
22052595,CSE-07
22052648,CSE-07
22052692,CSE-07
22052767,CSE-07
22052823,CSE-07
22052844,CSE-07
22052959,CSE-07
22053027,CSE-07
22053413,CSE-07
22053517,CSE-07
22053530,CSE-07
22053538,CSE-07
22053730,CSE-07
22053742,CSE-07
22053848,CSE-07
22053849,CSE-07
22054128,CSE-07
2205221,CSE-08
2205262,CSE-08
2205724,CSE-08
2205739,CSE-08
2205762,CSE-08
2205778,CSE-08
22051192,CSE-08
22051206,CSE-08
22051250,CSE-08
22051435,CSE-08
22051447,CSE-08
22051462,CSE-08
22051831,CSE-08
22051965,CSE-08
22051979,CSE-08
22052412,CSE-08
22052485,CSE-08
22052550,CSE-08
22053138,CSE-08
22053222,CSE-08
22053236,CSE-08
22053913,CSE-08
22054073,CSE-08
22054268,CSE-08
22054334,CSE-08
22054352,CSE-08
22054386,CSE-08
23057010,CSE-08
23057011,CSE-08
23057015,CSE-08
2205033,CSE-08
2205098,CSE-08
2205734,CSE-08
2205939,CSE-08
21051399,CSE-08
22051347,CSE-08
22051366,CSE-08
22051450,CSE-08
22051506,CSE-08
22051511,CSE-08
22051552,CSE-08
22051562,CSE-08
22051590,CSE-08
22051742,CSE-08
22051835,CSE-08
22051893,CSE-08
22051906,CSE-08
22051948,CSE-08
22051955,CSE-08
22051968,CSE-08
22051995,CSE-08
22052008,CSE-08
22052011,CSE-08
22052058,CSE-08
22052063,CSE-08
22052239,CSE-08
22052308,CSE-08
22052528,CSE-08
22052529,CSE-08
22052564,CSE-08
22052676,CSE-08
22053094,CSE-08
22053226,CSE-08
22053310,CSE-08
22053360,CSE-08
22053528,CSE-08
22053535,CSE-08
22053661,CSE-08
22054040,CSE-08
22054177,CSE-08
22054198,CSE-08
22054250,CSE-08
22054263,CSE-08
22054305,CSE-08
22054307,CSE-08
22054378,CSE-08
22054416,CSE-08
23057059,CSE-08
2205200,CSE-09
2205301,CSE-09
2205327,CSE-09
2205333,CSE-09
2205342,CSE-09
2205592,CSE-09
2205826,CSE-09
22051136,CSE-09
22051356,CSE-09
22051357,CSE-09
22051360,CSE-09
22051373,CSE-09
22051393,CSE-09
22051951,CSE-09
22052610,CSE-09
22052687,CSE-09
22052787,CSE-09
22052803,CSE-09
22052946,CSE-09
22053022,CSE-09
22053040,CSE-09
22053137,CSE-09
22053194,CSE-09
22053251,CSE-09
22053297,CSE-09
22053851,CSE-09
22054029,CSE-09
22054033,CSE-09
22054453,CSE-10
2205080,CSE-09
2205092,CSE-09
2205194,CSE-09
2205215,CSE-09
2205241,CSE-09
2205258,CSE-09
2205281,CSE-09
2205749,CSE-09
2205757,CSE-09
2205785,CSE-09
2205799,CSE-09
2205802,CSE-09
2205807,CSE-09
2205828,CSE-09
2205837,CSE-09
2205869,CSE-09
2205870,CSE-09
22051073,CSE-09
22051175,CSE-09
22051354,CSE-09
22051414,CSE-09
22051518,CSE-09
22052105,CSE-09
22052221,CSE-09
22052289,CSE-09
22052799,CSE-09
22052826,CSE-09
22052914,CSE-09
22052942,CSE-09
22053016,CSE-09
22053166,CSE-09
22053218,CSE-09
22053261,CSE-09
22053280,CSE-09
22053285,CSE-09
22053323,CSE-09
22053489,CSE-09
22053656,CSE-09
22053741,CSE-09
22053752,CSE-09
22053814,CSE-09
22053877,CSE-09
22053888,CSE-09
22054042,CSE-09
22054053,CSE-09
22054104,CSE-09
22054312,CSE-09
22054366,CSE-09
23057048,CSE-09
2205299,CSE-10
2205405,CSE-10
2205541,CSE-10
2205635,CSE-10
2205741,CSE-10
22051438,CSE-09
22051531,CSE-10
22051680,CSE-10
22051971,CSE-10
22052193,CSE-10
22052211,CSE-10
22052215,CSE-10
22052233,CSE-10
22052704,CSE-10
22052789,CSE-10
22052790,CSE-10
22052836,CSE-10
22053328,CSE-10
22053337,CSE-10
22053740,CSE-10
22053906,CSE-10
22053948,CSE-10
22054190,CSE-10
22054247,CSE-10
2205159,CSE-10
2205279,CSE-10
2205305,CSE-10
2205308,CSE-10
2205315,CSE-10
2205515,CSE-10
2205554,CSE-10
2205639,CSE-10
2205674,CSE-10
2205696,CSE-10
2205740,CSE-10
2205884,CSE-10
2205910,CSE-10
22051076,CSE-10
22051080,CSE-10
22051436,CSE-10
22051514,CSE-10
22051616,CSE-10
22051656,CSE-10
22051675,CSE-10
22051678,CSE-10
22051699,CSE-10
22051938,CSE-10
22051991,CSE-10
22052133,CSE-10
22052150,CSE-10
22052165,CSE-10
22052237,CSE-10
22052240,CSE-10
22052341,CSE-10
22052420,CSE-10
22052714,CSE-10
22052835,CSE-10
22052923,CSE-10
22052996,CSE-10
22053083,CSE-10
22053219,CSE-10
22053233,CSE-10
22053246,CSE-10
22053325,CSE-12
22053350,CSE-10
22053414,CSE-10
22053482,CSE-10
22053502,CSE-10
22053505,CSE-10
22053595,CSE-10
22053626,CSE-10
22053635,CSE-10
22053755,CSE-10
22053778,CSE-10
22053827,CSE-10
22053903,CSE-10
22053916,CSE-10
22053981,CSE-10
2205189,CSE-11
2205224,CSE-11
22051330,CSE-11
22052078,CSE-11
22052938,CSE-11
22053043,CSE-11
22053080,CSE-11
22053089,CSE-11
22053408,CSE-11
22053415,CSE-11
22053418,CSE-11
22053434,CSE-11
22053465,CSE-11
22053470,CSE-11
22053705,CSE-11
2205156,CSE-11
2205169,CSE-11
2205236,CSE-11
2205239,CSE-11
2205242,CSE-11
2205260,CSE-11
2205270,CSE-11
2205325,CSE-11
2205343,CSE-11
2205410,CSE-11
2205587,CSE-11
2205647,CSE-11
2205723,CSE-11
2205754,CSE-11
2205786,CSE-11
2205832,CSE-11
2205857,CSE-11
2205900,CSE-11
2205915,CSE-11
2205942,CSE-11
2205960,CSE-11
2205971,CSE-11
2205995,CSE-11
22051059,CSE-11
22051121,CSE-11
22051230,CSE-11
22051236,CSE-11
22051262,CSE-11
22051337,CSE-11
22051578,CSE-11
22051715,CSE-11
22051746,CSE-11
22051883,CSE-11
22051899,CSE-11
22052370,CSE-11
22052448,CSE-11
22052500,CSE-11
22052511,CSE-11
22052514,CSE-11
22052518,CSE-11
22052537,CSE-11
22052733,CSE-11
22052743,CSE-11
22052749,CSE-11
22052865,CSE-11
22052866,CSE-11
22053101,CSE-11
22053147,CSE-11
22053230,CSE-11
22053410,CSE-11
22053411,CSE-11
22053461,CSE-11
22053466,CSE-11
22053471,CSE-11
22053519,CSE-11
22053660,CSE-11
22053772,CSE-11
22053805,CSE-11
22053889,CSE-11
22053964,CSE-11
22053993,CSE-11
22054208,CSE-11
23057014,CSE-11
2205127,CSE-12
2205172,CSE-12
2205300,CSE-12
2205303,CSE-12
2205413,CSE-12
2205416,CSE-12
2205446,CSE-03
2205548,CSE-12
2205769,CSE-12
21051241,CSE-12
22051233,CSE-12
22051416,CSE-12
22051703,CSE-12
22052043,CSE-12
22052291,CSE-12
22052328,CSE-12
22052527,CSE-12
22052631,CSE-12
22052728,CSE-12
22052777,CSE-12
22053179,CSE-12
22053659,CSE-12
22053944,CSE-12
22053953,CSE-12
22054430,CSE-12
22054470,CSE-12
23057052,CSE-12
2205120,CSE-12
2205222,CSE-12
2205439,CSE-12
2205442,CSE-12
2205767,CSE-12
2205941,CSE-12
22051066,CSE-12
22051084,CSE-12
22051306,CSE-12
22051313,CSE-12
22051378,CSE-12
22051419,CSE-12
22051515,CSE-12
22051821,CSE-12
22051848,CSE-12
22051970,CSE-12
22052042,CSE-12
22052054,CSE-12
22052064,CSE-12
22052161,CSE-12
22052175,CSE-12
22052180,CSE-12
22052238,CSE-12
22052257,CSE-12
22052362,CSE-12
22052378,CSE-12
22052437,CSE-12
22052540,CSE-12
22052543,CSE-12
22052559,CSE-12
22052796,CSE-12
22052838,CSE-12
22052937,CSE-12
22053095,CSE-12
22053116,CSE-12
22053168,CSE-12
22053368,CSE-12
22053507,CSE-12
22053565,CSE-12
22053600,CSE-12
22053612,CSE-12
22053651,CSE-12
22053664,CSE-12
22053720,CSE-12
22053946,CSE-12
22053959,CSE-12
22054052,CSE-12
22054102,CSE-12
22054235,CSE-12
22054287,CSE-12
22054410,CSE-12
2205078,CSE-13
2205103,CSE-13
2205238,CSE-13
2205265,CSE-13
2205512,CSE-13
2205588,CSE-13
2205591,CSE-05
22051030,CSE-13
22051038,CSE-13
22051129,CSE-13
22051164,CSE-13
22051214,CSE-13
22051276,CSE-13
22051563,CSE-13
22051594,CSE-13
22051691,CSE-13
22051759,CSE-13
22051840,CSE-13
22051988,CSE-13
22052263,CSE-13
22052612,CSE-13
22052850,CSE-13
22052983,CSE-13
22053008,CSE-13
22053352,CSE-13
22053617,CSE-13
22053754,CSE-13
22054043,CSE-13
22054078,CSE-13
22054286,CSE-13
22054424,CSE-13
23057036,CSE-13
2205019,CSE-13
2205079,CSE-13
2205081,CSE-13
2205085,CSE-13
2205365,CSE-13
2205542,CSE-13
2205666,CSE-13
2205842,CSE-13
2205855,CSE-13
2205874,CSE-13
22051092,CSE-13
22051111,CSE-13
22051652,CSE-13
22051845,CSE-13
22052003,CSE-13
22052020,CSE-13
22052040,CSE-13
22052073,CSE-13
22052151,CSE-13
22052167,CSE-13
22052265,CSE-13
22052372,CSE-13
22052469,CSE-13
22052479,CSE-13
22052541,CSE-13
22052574,CSE-13
22052607,CSE-13
22052623,CSE-13
22052636,CSE-13
22053007,CSE-13
22053098,CSE-13
22053318,CSE-13
22053366,CSE-13
22053751,CSE-13
22053757,CSE-13
22053774,CSE-13
22053806,CSE-13
22053811,CSE-13
22053970,CSE-13
22054165,CSE-13
22054289,CSE-13
22054319,CSE-13
22054402,CSE-13
22054427,CSE-13
22054448,CSE-13
22054451,CSE-13
2205057,CSE-14
2205065,CSE-14
2205180,CSE-14
2205533,CSE-14
2205564,CSE-14
2205737,CSE-14
2205748,CSE-14
22051123,CSE-14
22051361,CSE-14
22051591,CSE-14
22051686,CSE-14
22052324,CSE-14
22052411,CSE-14
22052487,CSE-14
22052718,CSE-14
22052930,CSE-14
22052992,CSE-14
22053009,CSE-14
22053191,CSE-14
22053795,CSE-14
22054331,CSE-14
2205008,CSE-14
2205011,CSE-14
2205035,CSE-14
2205213,CSE-14
2205463,CSE-14
2205465,CSE-14
2205468,CSE-14
2205487,CSE-14
2205717,CSE-14
2205959,CSE-14
2205968,CSE-14
22051015,CSE-14
22051234,CSE-14
22051292,CSE-14
22051352,CSE-14
22051362,CSE-14
22051561,CSE-14
22051761,CSE-14
22051877,CSE-14
22051878,CSE-14
22051896,CSE-14
22051956,CSE-14
22051962,CSE-14
22052205,CSE-14
22052231,CSE-14
22052261,CSE-14
22052475,CSE-14
22052553,CSE-14
22052645,CSE-14
22052677,CSE-14
22052754,CSE-14
22052813,CSE-14
22052890,CSE-14
22052900,CSE-14
22052901,CSE-14
22052944,CSE-14
22052981,CSE-14
22053073,CSE-14
22053159,CSE-14
22053174,CSE-14
22053279,CSE-14
22053298,CSE-14
22053315,CSE-14
22053327,CSE-14
22053354,CSE-14
22053704,CSE-14
22053777,CSE-14
22053793,CSE-14
22054126,CSE-14
22054173,CSE-14
22054176,CSE-14
22054202,CSE-14
22054306,CSE-14
22054316,CSE-14
22054376,CSE-14
22054377,CSE-14
23057038,CSE-14
2205453,CSE-15
2205501,CSE-15
2205755,CSE-15
22051247,CSE-15
22051795,CSE-15
22051869,CSE-15
22051879,CSE-15
22052026,CSE-15
22052092,CSE-15
22052131,CSE-15
22052153,CSE-15
22052582,CSE-15
22052640,CSE-15
22052672,CSE-15
22052686,CSE-15
22052719,CSE-15
22052775,CSE-15
22052883,CSE-15
22053212,CSE-15
22053309,CSE-15
22053319,CSE-15
22053485,CSE-15
22053925,CSE-15
22054122,CSE-15
22054351,CSE-15
23057005,CSE-15
2205132,CSE-15
2205257,CSE-15
2205427,CSE-15
2205709,CSE-15
2205981,CSE-15
22051044,CSE-15
22051058,CSE-15
22051070,CSE-09
22051072,CSE-15
22051137,CSE-15
22051182,CSE-15
22051255,CSE-15
22051274,CSE-15
22051319,CSE-15
22051344,CSE-15
22051545,CSE-39
22051572,CSE-15
22051574,CSE-15
22051580,CSE-15
22051611,CSE-15
22051615,CSE-15
22051618,CSE-15
22051782,CSE-15
22051865,CSE-15
22052264,CSE-15
22052354,CSE-15
22052386,CSE-15
22052426,CSE-15
22052465,CSE-15
22052497,CSE-15
22052547,CSE-15
22053049,CSE-15
22053289,CSE-15
22053311,CSE-15
22053314,CSE-15
22053699,CSE-15
22053753,CSE-15
22053756,CSE-15
22053759,CSE-15
22053923,CSE-15
22054149,CSE-15
22054183,CSE-15
22054187,CSE-15
22054192,CSE-15
22054201,CSE-15
22054282,CSE-15
22054434,CSE-15
22054444,CSE-15
23057007,CSE-15
23057009,CSE-15
23057028,CSE-15
23057062,CSE-15
2205141,CSE-16
2205179,CSE-16
2205496,CSE-16
2205615,CSE-16
2205671,CSE-16
22051441,CSE-16
22051600,CSE-16
22051617,CSE-16
22051887,CSE-16
22052213,CSE-16
22052216,CSE-16
22052273,CSE-16
22052456,CSE-16
22052665,CSE-16
22052712,CSE-16
22052722,CSE-16
22052776,CSE-16
22052967,CSE-16
22053112,CSE-16
22053243,CSE-16
22053340,CSE-16
22053486,CSE-16
22053729,CSE-16
22054023,CSE-16
22054163,CSE-16
22054197,CSE-16
23057041,CSE-16
2205015,CSE-16
2205018,CSE-16
2205042,CSE-16
2205086,CSE-16
2205146,CSE-16
2205203,CSE-16
2205680,CSE-16
2205691,CSE-16
2205747,CSE-16
2205765,CSE-16
22051096,CSE-16
22051120,CSE-16
22051290,CSE-16
22051391,CSE-16
22051466,CSE-16
22051575,CSE-33
22051855,CSE-16
22051935,CSE-16
22051985,CSE-16
22051986,CSE-16
22052091,CSE-16
22052152,CSE-16
22052198,CSE-16
22052295,CSE-16
22052425,CSE-16
22052463,CSE-16
22052470,CSE-16
22052488,CSE-16
22052496,CSE-16
22052504,CSE-16
22052568,CSE-16
22052605,CSE-16
22052875,CSE-16
22053004,CSE-16
22053006,CSE-16
22053282,CSE-16
22053329,CSE-16
22053332,CSE-16
22053574,CSE-16
22053636,CSE-16
22053693,CSE-16
22053767,CSE-16
22053796,CSE-16
22053934,CSE-16
22054106,CSE-16
22054171,CSE-16
22054332,CSE-16
22054391,CSE-24
22054465,CSE-16
22054471,CSE-16
23057008,CSE-16
2205577,CSE-17
2205710,CSE-17
2205720,CSE-17
22051194,CSE-17
22051456,CSE-17
22051525,CSE-17
22051623,CSE-17
22051766,CSE-17
22051947,CSE-17
22052245,CSE-17
22052474,CSE-17
22052671,CSE-17
22053367,CSE-17
22053449,CSE-01
22053650,CSE-34
22053734,CSE-17
22053910,CSE-01
22054067,CSE-17
22054097,CSE-17
22054215,CSE-17
22054313,CSE-17
22054338,CSE-17
22054346,CSE-17
2205040,CSE-17
2205214,CSE-17
2205217,CSE-17
2205228,CSE-17
2205395,CSE-17
2205491,CSE-17
2205570,CSE-17
2205796,CSE-17
2205800,CSE-17
2205990,CSE-17
2205993,CSE-17
22051055,CSE-17
22051057,CSE-17
22051101,CSE-17
22051149,CSE-17
22051150,CSE-17
22051154,CSE-17
22051348,CSE-17
22051368,CSE-17
22051459,CSE-17
22051480,CSE-17
22051510,CSE-17
22051816,CSE-17
22052121,CSE-17
22052199,CSE-17
22052225,CSE-17
22052230,CSE-17
22052243,CSE-17
22052353,CSE-17
22052556,CSE-17
22052653,CSE-17
22052660,CSE-17
22052674,CSE-17
22052679,CSE-17
22052828,CSE-17
22052863,CSE-17
22052975,CSE-17
22053029,CSE-17
22053155,CSE-17
22053430,CSE-17
22053472,CSE-01
22053497,CSE-17
22053526,CSE-17
22053678,CSE-17
22053718,CSE-17
22053768,CSE-17
22054019,CSE-17
22054049,CSE-17
22054111,CSE-17
22054113,CSE-17
22054193,CSE-17
22054227,CSE-17
22054242,CSE-17
22054254,CSE-17
23057023,CSE-17
2205044,CSE-18
2205051,CSE-18
2205054,CSE-18
2205532,CSE-18
2205702,CSE-18
2205738,CSE-18
22051403,CSE-18
22051451,CSE-18
22051469,CSE-18
22051660,CSE-18
22051851,CSE-18
22052098,CSE-18
22053051,CSE-18
22053097,CSE-18
22053476,CSE-18
22053899,CSE-18
22054272,CSE-18
22054283,CSE-18
22054294,CSE-18
22054295,CSE-18
22054296,CSE-18
22054407,CSE-18
2205067,CSE-18
2205099,CSE-18
2205374,CSE-18
2205500,CSE-18
2205508,CSE-18
2205853,CSE-18
2205859,CSE-18
2205888,CSE-18
2205889,CSE-18
2205906,CSE-18
2205956,CSE-18
22051053,CSE-18
22051108,CSE-18
22051285,CSE-18
22051383,CSE-18
22051399,CSE-18
22051400,CSE-18
22051473,CSE-18
22051516,CSE-18
22051601,CSE-18
22051654,CSE-18
22051676,CSE-18
22051679,CSE-18
22051719,CSE-18
22052299,CSE-18
22052322,CSE-18
22052332,CSE-18
22052346,CSE-18
22052539,CSE-18
22052567,CSE-18
22052604,CSE-18
22052715,CSE-18
22052716,CSE-18
22052781,CSE-18
22052831,CSE-18
22052832,CSE-18
22052877,CSE-18
22053032,CSE-18
22053401,CSE-18
22053443,CSE-18
22053448,CSE-18
22053453,CSE-18
22053454,CSE-18
22053563,CSE-18
22053669,CSE-18
22053723,CSE-18
22053739,CSE-18
22053760,CSE-18
22053786,CSE-18
22053788,CSE-18
22053800,CSE-18
22053818,CSE-18
22053843,CSE-18
22054199,CSE-18
22054290,CSE-18
2205013,CSE-19
2205046,CSE-19
2205084,CSE-19
2205114,CSE-19
2205149,CSE-19
2205283,CSE-19
2205683,CSE-19
2205700,CSE-19
2205705,CSE-19
2205711,CSE-19
22051417,CSE-19
22051503,CSE-19
22051643,CSE-19
22052012,CSE-19
22052084,CSE-19
22052330,CSE-19
22052377,CSE-19
22052381,CSE-19
22052382,CSE-19
22052408,CSE-19
22052416,CSE-19
22052846,CSE-19
22052891,CSE-19
22053030,CSE-19
22053172,CSE-19
22054172,CSE-19
22054339,CSE-19
22054340,CSE-19
22054426,CSE-19
23057034,CSE-19
2205048,CSE-19
2205064,CSE-19
2205256,CSE-19
2205378,CSE-19
2205379,CSE-19
2205471,CSE-19
2205476,CSE-19
2205675,CSE-19
2205744,CSE-19
2205750,CSE-19
2205966,CSE-19
22051027,CSE-19
22051117,CSE-19
22051472,CSE-19
22051478,CSE-19
22051567,CSE-19
22051621,CSE-19
22051940,CSE-19
22052050,CSE-19
22052065,CSE-19
22052068,CSE-19
22052079,CSE-19
22052357,CSE-19
22052678,CSE-19
22052761,CSE-19
22052854,CSE-19
22052868,CSE-19
22052897,CSE-19
22052991,CSE-19
22053033,CSE-19
22053034,CSE-19
22053305,CSE-19
22054005,CSE-19
22054091,CSE-19
22054095,CSE-19
22054140,CSE-19
22054146,CSE-19
22054248,CSE-19
22054320,CSE-19
22054337,CSE-19
22054341,CSE-19
23057001,CSE-19
23057003,CSE-19
23057016,CSE-19
23057021,CSE-19
23057061,CSE-19
2205292,CSE-20
2205506,CSE-20
2205531,CSE-20
22051169,CSE-20
22051583,CSE-20
22051650,CSE-20
22051949,CSE-20
22052163,CSE-20
22052710,CSE-20
22052768,CSE-20
22052860,CSE-20
22053225,CSE-20
22053501,CSE-20
22053510,CSE-20
22053529,CSE-20
22053655,CSE-20
22053696,CSE-20
22053701,CSE-20
22053714,CSE-20
2205101,CSE-20
2205244,CSE-20
2205252,CSE-20
2205513,CSE-20
2205600,CSE-20
2205604,CSE-20
22051001,CSE-20
22051404,CSE-20
22051483,CSE-20
22051520,CSE-20
22051566,CSE-20
22051569,CSE-20
22051576,CSE-20
22051579,CSE-20
22051586,CSE-20
22051627,CSE-20
22051645,CSE-20
22051661,CSE-20
22051751,CSE-20
22051760,CSE-20
22051779,CSE-20
22051792,CSE-20
22051814,CSE-20
22051900,CSE-20
22052000,CSE-20
22052039,CSE-20
22052086,CSE-20
22052138,CSE-20
22052158,CSE-20
22052164,CSE-20
22052457,CSE-20
22052557,CSE-20
22052563,CSE-20
22052658,CSE-20
22052751,CSE-20
22052977,CSE-20
22053072,CSE-20
22053076,CSE-20
22053082,CSE-20
22053110,CSE-20
22053235,CSE-20
22053259,CSE-20
22053286,CSE-20
22053287,CSE-20
22053296,CSE-20
22053362,CSE-20
22053387,CSE-20
22053578,CSE-20
22053674,CSE-20
22053688,CSE-20
22053710,CSE-20
22053713,CSE-20
22054036,CSE-20
22054045,CSE-20
22054046,CSE-20
22054075,CSE-20
22054436,CSE-20
2205020,CSE-21
2205332,CSE-21
2205572,CSE-21
2205685,CSE-21
2205759,CSE-21
22051139,CSE-21
22051270,CSE-21
22051349,CSE-21
22051826,CSE-21
22052333,CSE-21
22052689,CSE-21
22053015,CSE-09
22053055,CSE-21
22053062,CSE-21
22053239,CSE-21
22053349,CSE-21
22053355,CSE-21
22053770,CSE-21
22053852,CSE-21
22054151,CSE-21
22054472,CSE-21
2205097,CSE-21
2205137,CSE-21
2205176,CSE-21
2205177,CSE-21
2205192,CSE-21
2205218,CSE-21
2205220,CSE-21
2205253,CSE-21
2205549,CSE-21
2205746,CSE-21
2205818,CSE-21
2205850,CSE-21
2205863,CSE-21
2205924,CSE-21
21051086,CSE-21
22051056,CSE-21
22051065,CSE-21
22051201,CSE-21
22051221,CSE-21
22051548,CSE-21
22051631,CSE-21
22051639,CSE-21
22051729,CSE-21
22051739,CSE-21
22051763,CSE-21
22051980,CSE-21
22052177,CSE-21
22052201,CSE-21
22052307,CSE-21
22052350,CSE-21
22052369,CSE-21
22052390,CSE-21
22052434,CSE-21
22052748,CSE-21
22052989,CSE-21
22053005,CSE-21
22053010,CSE-21
22053270,CSE-21
22053288,CSE-21
22053322,CSE-21
22053333,CSE-21
22053346,CSE-21
22053782,CSE-21
22053871,CSE-21
22054123,CSE-21
22054180,CSE-21
22054203,CSE-21
22054206,CSE-21
22054207,CSE-21
22054357,CSE-21
22054363,CSE-21
22054389,CSE-21
22054397,CSE-21
22054409,CSE-21
22054431,CSE-21
22054439,CSE-21
22054458,CSE-21
2205354,CSE-22
2205537,CSE-22
2205610,CSE-22
22051712,CSE-22
22051718,CSE-22
22051750,CSE-22
22051753,CSE-22
22051790,CSE-22
22051830,CSE-22
22052023,CSE-22
22052094,CSE-22
22052112,CSE-22
22052114,CSE-22
22052115,CSE-22
22052127,CSE-22
22052176,CSE-22
22052196,CSE-22
22052320,CSE-22
22052549,CSE-22
22052745,CSE-22
22052911,CSE-22
22052913,CSE-22
22053370,CSE-47
22053765,CSE-22
22053766,CSE-22
22053808,CSE-22
22053907,CSE-22
22054022,CSE-22
22054224,CSE-22
22054228,CSE-22
22054326,CSE-22
23057025,CSE-22
23057040,CSE-22
23057045,CSE-22
23057053,CSE-22
2105103,CSE-22
2205012,CSE-22
2205074,CSE-22
2205579,CSE-22
2205632,CSE-22
2205646,CSE-22
2205719,CSE-22
22051042,CSE-22
22051104,CSE-22
22051114,CSE-22
22051125,CSE-22
22051198,CSE-22
22051513,CSE-29
22051538,CSE-22
22051543,CSE-22
22051544,CSE-22
22051559,CSE-22
22051684,CSE-22
22051749,CSE-22
22051775,CSE-22
22051803,CSE-22
22051805,CSE-22
22051958,CSE-22
22052113,CSE-22
22052197,CSE-22
22052430,CSE-22
22052432,CSE-22
22052455,CSE-22
22052721,CSE-22
22052925,CSE-22
22053320,CSE-22
22053336,CSE-22
22053348,CSE-22
22053474,CSE-22
22053706,CSE-22
22053789,CSE-22
22053797,CSE-22
22053833,CSE-22
22053865,CSE-22
22054074,CSE-22
22054160,CSE-22
2205045,CSE-23
2205358,CSE-23
2205464,CSE-23
2205495,CSE-23
2205684,CSE-23
2205790,CSE-23
2205868,CSE-23
22051168,CSE-23
22051170,CSE-23
22051211,CSE-23
22051225,CSE-23
22051258,CSE-23
22051758,CSE-23
22051770,CSE-23
22051859,CSE-23
22052038,CSE-23
22052173,CSE-23
22052580,CSE-23
22052976,CSE-23
22053047,CSE-23
22053071,CSE-23
22053090,CSE-23
22053206,CSE-23
22053837,CSE-23
22054145,CSE-23
2105609,CSE-23
2205037,CSE-23
2205197,CSE-23
2205230,CSE-23
2205298,CSE-23
2205403,CSE-23
2205433,CSE-23
2205485,CSE-23
2205489,CSE-23
2205566,CSE-23
2205567,CSE-23
2205596,CSE-05
2205648,CSE-23
2205649,CSE-23
2205728,CSE-23
2205729,CSE-23
22051411,CSE-23
22051423,CSE-23
22051426,CSE-23
22051433,CSE-23
22051439,CSE-23
22051629,CSE-23
22051768,CSE-23
22051857,CSE-23
22051863,CSE-23
22052123,CSE-23
22052449,CSE-23
22052480,CSE-23
22052483,CSE-23
22052484,CSE-23
22052491,CSE-23
22052516,CSE-23
22052602,CSE-23
22052666,CSE-23
22052771,CSE-23
22052964,CSE-23
22052984,CSE-23
22052985,CSE-23
22053070,CSE-23
22053107,CSE-23
22053133,CSE-23
22053152,CSE-23
22053153,CSE-23
22053162,CSE-23
22053170,CSE-23
22053189,CSE-23
22053266,CSE-23
22053271,CSE-23
22053317,CSE-23
22053687,CSE-23
22053864,CSE-23
22053914,CSE-23
22053939,CSE-23
2205003,CSE-24
2205107,CSE-24
2205212,CSE-24
2205518,CSE-24
2205519,CSE-24
2205520,CSE-24
2205622,CSE-24
2205625,CSE-24
22051041,CSE-24
22051294,CSE-24
22051325,CSE-24
22051465,CSE-24
22051553,CSE-24
22051664,CSE-24
22052296,CSE-52
22053670,CSE-44
22053712,CSE-24
22054009,CSE-24
22054031,CSE-24
22054062,CSE-16
22054220,CSE-24
2205216,CSE-24
2205373,CSE-24
2205445,CSE-24
2205514,CSE-24
2205516,CSE-24
2205563,CSE-24
2205609,CSE-24
2205784,CSE-24
2205813,CSE-24
2205854,CSE-24
2205907,CSE-24
22051075,CSE-24
22051196,CSE-24
22051223,CSE-24
22051310,CSE-24
22051333,CSE-24
22051434,CSE-24
22051445,CSE-24
22051491,CSE-24
22051635,CSE-24
22051922,CSE-24
22051923,CSE-24
22052005,CSE-24
22052022,CSE-24
22052203,CSE-24
22052282,CSE-24
22052490,CSE-24
22052587,CSE-24
22052893,CSE-24
22052980,CSE-24
22053207,CSE-24
22053228,CSE-24
22053269,CSE-24
22053586,CSE-24
22053666,CSE-24
22053878,CSE-24
22053885,CSE-24
22053895,CSE-24
22053921,CSE-24
22053962,CSE-24
22053983,CSE-24
22054056,CSE-24
22054057,CSE-24
22054101,CSE-24
22054277,CSE-24
22054361,CSE-24
22054362,CSE-24
22054382,CSE-24
22054440,CSE-24
22054441,CSE-24
22054442,CSE-24
22054459,CSE-24
22054461,CSE-24
22054462,CSE-24
22054469,CSE-24
23057017,CSE-24
23057060,CSE-24
2205897,CSE-25
22051523,CSE-25
22051663,CSE-25
22051693,CSE-25
22052010,CSE-25
22052024,CSE-25
22052662,CSE-25
22052709,CSE-25
22052752,CSE-25
22052829,CSE-25
22053081,CSE-25
22053136,CSE-25
22053177,CSE-25
22053199,CSE-25
22053257,CSE-25
22053632,CSE-25
2205161,CSE-25
2205175,CSE-25
2205183,CSE-25
2205193,CSE-25
2205282,CSE-25
2205295,CSE-25
2205316,CSE-25
2205349,CSE-25
2205388,CSE-25
2205398,CSE-25
2205417,CSE-25
2205898,CSE-25
2205911,CSE-25
2205979,CSE-25
22051355,CSE-25
22051589,CSE-25
22051657,CSE-25
22051667,CSE-25
22051694,CSE-25
22051735,CSE-25
22051807,CSE-25
22051839,CSE-25
22051841,CSE-25
22051842,CSE-25
22051843,CSE-25
22051856,CSE-25
22051861,CSE-25
22051941,CSE-25
22051994,CSE-25
22052034,CSE-25
22052100,CSE-25
22052101,CSE-25
22052560,CSE-25
22052649,CSE-25
22052650,CSE-25
22052655,CSE-25
22052739,CSE-25
22052812,CSE-25
22052817,CSE-25
22052862,CSE-25
22052995,CSE-25
22053129,CSE-25
22053185,CSE-25
22053186,CSE-25
22053188,CSE-25
22053209,CSE-25
22053335,CSE-25
22053338,CSE-25
22053379,CSE-25
22053572,CSE-25
22053589,CSE-25
22053623,CSE-25
22053628,CSE-25
22053629,CSE-25
22053663,CSE-25
22053676,CSE-25
22053679,CSE-25
22054034,CSE-25
22054080,CSE-25
22054161,CSE-25
22054164,CSE-25
22054218,CSE-25
2205444,CSE-46
2205497,CSE-26
2205525,CSE-26
2205594,CSE-26
2205653,CSE-26
2205827,CSE-26
2205845,CSE-26
22051215,CSE-26
22051269,CSE-26
22051283,CSE-26
22051365,CSE-26
22051382,CSE-26
22051808,CSE-26
22051854,CSE-26
22052004,CSE-26
22052018,CSE-26
22052135,CSE-26
22052229,CSE-26
22052433,CSE-26
22052703,CSE-26
22052956,CSE-26
22052960,CSE-26
22053077,CSE-26
22053124,CSE-26
22053213,CSE-26
22053791,CSE-26
22053977,CSE-26
22054125,CSE-26
22054398,CSE-26
22054432,CSE-26
2205028,CSE-26
2205093,CSE-26
2205191,CSE-26
2205240,CSE-26
2205494,CSE-26
2205558,CSE-26
2205598,CSE-26
2205668,CSE-26
2205836,CSE-26
22051163,CSE-26
22051227,CSE-49
22051249,CSE-26
22051312,CSE-26
22051318,CSE-26
22051322,CSE-26
22051335,CSE-26
22051409,CSE-26
22051640,CSE-26
22051876,CSE-26
22052096,CSE-26
22052235,CSE-26
22052256,CSE-26
22052272,CSE-26
22052439,CSE-26
22053064,CSE-26
22053237,CSE-26
22053624,CSE-03
22053645,CSE-26
22053698,CSE-26
22053781,CSE-26
22054037,CSE-26
22054061,CSE-26
22054064,CSE-26
22054065,CSE-26
22054103,CSE-26
22054105,CSE-26
22054120,CSE-26
22054229,CSE-26
22054232,CSE-26
22054236,CSE-26
22054246,CSE-26
22054256,CSE-26
22054279,CSE-26
22054288,CSE-26
22054322,CSE-26
22054401,CSE-26
22054403,CSE-26
23057013,CSE-26
2205029,CSE-27
2205131,CSE-27
2205472,CSE-27
2205831,CSE-27
22051880,CSE-27
22052236,CSE-27
22052403,CSE-27
22052446,CSE-27
22052512,CSE-27
22052747,CSE-27
22053039,CSE-27
22053058,CSE-27
22053103,CSE-27
22053312,CSE-27
22053627,CSE-27
22053968,CSE-27
22054406,CSE-27
2205128,CSE-27
2205150,CSE-27
2205231,CSE-27
2205288,CSE-27
2205307,CSE-27
2205377,CSE-27
2205397,CSE-27
2205437,CSE-27
2205469,CSE-27
2205481,CSE-27
2205490,CSE-27
2205556,CSE-27
2205866,CSE-27
22051003,CSE-27
22051205,CSE-27
22051300,CSE-27
22051359,CSE-27
22051363,CSE-27
22051430,CSE-27
22051607,CSE-27
22051764,CSE-27
22051771,CSE-27
22051773,CSE-27
22051809,CSE-27
22051829,CSE-27
22051930,CSE-27
22051967,CSE-27
22052077,CSE-27
22052108,CSE-27
22052144,CSE-27
22052337,CSE-27
22052467,CSE-27
22052517,CSE-27
22052611,CSE-27
22052616,CSE-27
22052617,CSE-27
22052637,CSE-27
22052664,CSE-27
22052793,CSE-27
22052809,CSE-27
22052910,CSE-27
22053102,CSE-27
22053118,CSE-27
22053123,CSE-27
22053183,CSE-27
22053460,CSE-27
22053683,CSE-27
22053816,CSE-27
22053826,CSE-27
22053838,CSE-39
22053869,CSE-27
22053919,CSE-27
22053922,CSE-27
22053973,CSE-27
22054028,CSE-27
22054069,CSE-27
22054072,CSE-27
22054303,CSE-27
22054355,CSE-27
22054385,CSE-27
22054411,CSE-27
2205032,CSE-28
2205053,CSE-28
2205425,CSE-28
2205450,CSE-28
2205499,CSE-28
2205829,CSE-28
2205847,CSE-28
22051045,CSE-28
22051095,CSE-28
22051254,CSE-28
22051259,CSE-28
22051622,CSE-28
22051747,CSE-28
22051767,CSE-28
22051836,CSE-28
22052002,CSE-28
22052014,CSE-28
22052019,CSE-28
22052032,CSE-28
22052045,CSE-28
22052047,CSE-28
22052182,CSE-28
22052599,CSE-28
22052641,CSE-28
22052657,CSE-28
22052690,CSE-28
22053001,CSE-28
22053011,CSE-28
22053035,CSE-28
22053045,CSE-28
22054070,CSE-28
22054212,CSE-28
22054428,CSE-28
2205034,CSE-28
2205072,CSE-28
2205083,CSE-28
2205246,CSE-28
2205742,CSE-28
2205811,CSE-28
22051100,CSE-28
22051199,CSE-28
22051390,CSE-28
22051412,CSE-28
22051864,CSE-28
22051945,CSE-28
22052013,CSE-28
22052110,CSE-28
22052380,CSE-28
22052642,CSE-28
22052647,CSE-28
22052652,CSE-28
22052681,CSE-28
22052711,CSE-28
22052723,CSE-28
22052738,CSE-28
22052744,CSE-28
22052759,CSE-28
22052780,CSE-28
22052962,CSE-28
22052963,CSE-28
22052993,CSE-28
22052999,CSE-28
22053012,CSE-28
22053096,CSE-28
22053109,CSE-28
22053121,CSE-28
22053221,CSE-28
22053377,CSE-28
22053382,CSE-28
22053383,CSE-28
22053942,CSE-28
22053960,CSE-28
22054017,CSE-28
22054083,CSE-28
22054234,CSE-28
22054342,CSE-28
22054380,CSE-28
22054381,CSE-28
2205223,CSE-29
2205264,CSE-29
2205535,CSE-29
2205550,CSE-29
2205688,CSE-29
2205777,CSE-29
2205823,CSE-29
22051043,CSE-29
22051304,CSE-29
22051494,CSE-29
22051528,CSE-29
22051868,CSE-29
22051871,CSE-29
22051903,CSE-29
22051966,CSE-29
22052592,CSE-29
22052670,CSE-29
22052773,CSE-29
22052788,CSE-29
22052892,CSE-29
22053216,CSE-29
22053339,CSE-29
22053341,CSE-29
22053580,CSE-50
22053582,CSE-50
22053625,CSE-29
22053870,CSE-29
22053945,CSE-29
2205160,CSE-29
2205249,CSE-29
2205251,CSE-29
2205285,CSE-29
2205424,CSE-29
2205483,CSE-29
2205690,CSE-29
2205779,CSE-29
2205822,CSE-29
2205881,CSE-29
2205969,CSE-29
22051012,CSE-29
22051029,CSE-29
22051031,CSE-29
22051046,CSE-29
22051090,CSE-29
22051197,CSE-29
22051235,CSE-29
22051288,CSE-29
22051549,CSE-29
22051647,CSE-29
22051867,CSE-29
22052241,CSE-29
22052246,CSE-29
22052609,CSE-29
22052667,CSE-29
22052669,CSE-29
22052688,CSE-29
22052811,CSE-29
22052870,CSE-29
22052872,CSE-29
22053013,CSE-29
22053024,CSE-29
22053052,CSE-29
22053106,CSE-29
22053202,CSE-29
22053481,CSE-29
22053554,CSE-29
22053570,CSE-29
22053621,CSE-29
22053640,CSE-29
22053677,CSE-29
22053703,CSE-29
22053733,CSE-29
22053737,CSE-29
22053804,CSE-29
22053947,CSE-29
22054134,CSE-29
22054186,CSE-29
22054258,CSE-29
22054311,CSE-29
2205293,CSE-30
2205462,CSE-30
22051032,CSE-30
22051204,CSE-30
22051458,CSE-30
22052277,CSE-30
22052360,CSE-30
22052363,CSE-30
22052365,CSE-30
22052740,CSE-30
22052833,CSE-30
22052953,CSE-30
22053200,CSE-30
2205005,CSE-30
2205166,CSE-30
2205280,CSE-30
2205306,CSE-30
2205478,CSE-30
2205642,CSE-30
2205730,CSE-30
2205908,CSE-30
2205909,CSE-30
2205948,CSE-30
2205954,CSE-30
2205988,CSE-30
22051000,CSE-30
22051005,CSE-30
22051007,CSE-30
22051016,CSE-30
22051060,CSE-30
22051085,CSE-30
22051099,CSE-30
22051102,CSE-30
22051178,CSE-30
22051266,CSE-30
22051271,CSE-30
22051308,CSE-30
22051367,CSE-30
22051437,CSE-30
22051474,CSE-30
22051486,CSE-30
22051913,CSE-30
22051925,CSE-30
22052060,CSE-30
22052076,CSE-30
22052383,CSE-30
22052394,CSE-30
22052668,CSE-30
22052675,CSE-30
22052695,CSE-30
22052700,CSE-30
22052795,CSE-30
22052876,CSE-30
22052902,CSE-30
22052918,CSE-30
22052919,CSE-30
22052921,CSE-30
22052927,CSE-30
22052965,CSE-30
22052990,CSE-30
22053088,CSE-30
22053092,CSE-30
22053252,CSE-30
22053299,CSE-30
22053491,CSE-30
22053496,CSE-30
22053539,CSE-30
22053550,CSE-30
22053564,CSE-30
22053702,CSE-30
22053761,CSE-30
22053969,CSE-30
22053980,CSE-30
22053989,CSE-30
22053990,CSE-30
22053999,CSE-30
22054372,CSE-30
23057033,CSE-30
22051130,CSE-31
22051131,CSE-31
22051135,CSE-31
22052106,CSE-31
22052334,CSE-31
2205129,CSE-31
2205164,CSE-31
2205323,CSE-31
2205324,CSE-31
2205335,CSE-31
2205602,CSE-31
2205631,CSE-31
2205760,CSE-31
22051061,CSE-31
22051109,CSE-31
22051147,CSE-31
22051172,CSE-31
22051219,CSE-31
22051220,CSE-31
22051350,CSE-31
22051364,CSE-31
22051431,CSE-31
22051432,CSE-31
22051461,CSE-31
22051464,CSE-31
22051470,CSE-31
22051487,CSE-31
22051490,CSE-31
22051539,CSE-31
22051546,CSE-31
22051568,CSE-31
22051593,CSE-31
22051598,CSE-31
22051602,CSE-31
22051685,CSE-31
22051695,CSE-31
22051788,CSE-31
22051917,CSE-31
22051957,CSE-31
22052104,CSE-31
22052316,CSE-31
22052347,CSE-31
22052368,CSE-31
22052387,CSE-31
22052393,CSE-31
22052395,CSE-31
22052398,CSE-31
22052415,CSE-31
22052421,CSE-31
22052427,CSE-31
22052444,CSE-31
22052503,CSE-31
22052785,CSE-31
22052804,CSE-31
22052806,CSE-31
22052822,CSE-31
22052849,CSE-31
22052859,CSE-31
22052861,CSE-31
22052916,CSE-31
22053201,CSE-31
22053203,CSE-31
22053227,CSE-31
22053242,CSE-31
22053424,CSE-31
22053429,CSE-31
22053479,CSE-31
22053483,CSE-31
22053484,CSE-31
22053493,CSE-31
22053495,CSE-31
22053533,CSE-31
22053546,CSE-31
22053616,CSE-31
22053988,CSE-31
22053997,CSE-31
22054131,CSE-31
22054379,CSE-31
2205163,CSE-32
2205273,CSE-32
2205606,CSE-32
2205967,CSE-32
2205974,CSE-32
2205997,CSE-32
22051620,CSE-32
22051625,CSE-32
22051920,CSE-32
22052140,CSE-32
22053396,CSE-32
22053447,CSE-32
22053585,CSE-32
22053603,CSE-32
22053642,CSE-32
22054092,CSE-32
22054231,CSE-32
22054249,CSE-32
2205043,CSE-32
2205069,CSE-32
2205202,CSE-32
2205225,CSE-32
2205226,CSE-32
2205436,CSE-32
2205559,CSE-32
2205848,CSE-32
2205865,CSE-32
2205871,CSE-32
2205945,CSE-32
2205973,CSE-32
2205977,CSE-32
2205983,CSE-32
2205996,CSE-32
22051011,CSE-32
22051020,CSE-32
22051028,CSE-32
22051127,CSE-32
22051153,CSE-32
22051293,CSE-32
22051320,CSE-32
22051324,CSE-32
22051346,CSE-32
22051372,CSE-32
22051496,CSE-32
22051595,CSE-32
22051927,CSE-32
22052179,CSE-32
22052183,CSE-32
22052274,CSE-32
22052275,CSE-32
22052407,CSE-32
22052696,CSE-32
22052717,CSE-32
22052786,CSE-32
22052882,CSE-32
22053061,CSE-32
22053145,CSE-32
22053150,CSE-32
22053169,CSE-32
22053584,CSE-32
22053593,CSE-32
22053594,CSE-32
22053601,CSE-32
22053615,CSE-32
22053639,CSE-32
22053644,CSE-32
22053764,CSE-32
22053803,CSE-32
22053810,CSE-32
22053812,CSE-32
22053828,CSE-32
22053839,CSE-32
22054007,CSE-32
22054011,CSE-32
22054185,CSE-32
22054213,CSE-32
22054222,CSE-32
22054230,CSE-32
2205521,CSE-33
2205526,CSE-33
22051097,CSE-33
22051317,CSE-33
22051395,CSE-33
22051619,CSE-33
22051774,CSE-33
22051919,CSE-33
22052269,CSE-33
22052280,CSE-33
22052758,CSE-33
22052842,CSE-33
22052896,CSE-33
22052898,CSE-33
22052968,CSE-33
22053224,CSE-33
22053813,CSE-33
22053924,CSE-33
2205006,CSE-33
2205007,CSE-33
2205010,CSE-33
2205061,CSE-33
2205082,CSE-33
2205095,CSE-33
2205184,CSE-33
2205340,CSE-33
2205355,CSE-33
2205534,CSE-33
2205536,CSE-33
2205545,CSE-33
2205593,CSE-33
2205603,CSE-33
2205616,CSE-33
2205630,CSE-33
2205933,CSE-33
2205951,CSE-33
22051115,CSE-33
22051177,CSE-33
22051298,CSE-33
22051314,CSE-33
22051315,CSE-33
22051408,CSE-33
22051547,CSE-33
22051564,CSE-33
22051599,CSE-33
22051624,CSE-33
22051721,CSE-33
22052028,CSE-33
22052090,CSE-33
22052313,CSE-33
22052401,CSE-33
22052452,CSE-33
22052545,CSE-33
22052643,CSE-33
22052694,CSE-33
22052705,CSE-33
22052707,CSE-33
22052736,CSE-33
22052848,CSE-33
22052884,CSE-33
22052958,CSE-33
22053017,CSE-33
22053056,CSE-33
22053258,CSE-33
22053264,CSE-33
22053294,CSE-33
22053630,CSE-33
22053815,CSE-33
22053927,CSE-33
22053940,CSE-33
22054085,CSE-33
22054098,CSE-33
22054129,CSE-33
22054132,CSE-33
22054166,CSE-33
22054251,CSE-33
22054418,CSE-33
22054454,CSE-33
2205102,CSE-34
2205205,CSE-34
2205627,CSE-34
2205930,CSE-34
22051284,CSE-34
22051336,CSE-34
22051468,CSE-34
22051558,CSE-34
22051581,CSE-34
22051592,CSE-34
22051606,CSE-34
22051642,CSE-34
22051646,CSE-17
22051700,CSE-34
22051813,CSE-34
22051933,CSE-34
22052414,CSE-34
22052586,CSE-34
22052889,CSE-34
22052986,CSE-34
22053161,CSE-34
22053316,CSE-34
22053324,CSE-34
22053402,CSE-34
22053569,CSE-34
22053692,CSE-34
22053821,CSE-34
22053834,CSE-34
22053835,CSE-34
22054417,CSE-34
22054419,CSE-34
2205106,CSE-34
2205125,CSE-34
2205145,CSE-34
2205174,CSE-34
2205232,CSE-34
2205263,CSE-34
2205322,CSE-34
2205443,CSE-34
2205621,CSE-34
2205655,CSE-34
2205663,CSE-34
22051010,CSE-34
22051195,CSE-34
22051212,CSE-34
22051286,CSE-34
22051454,CSE-34
22051455,CSE-34
22051793,CSE-34
22051798,CSE-34
22051810,CSE-34
22051820,CSE-34
22051890,CSE-34
22052072,CSE-34
22052082,CSE-34
22052085,CSE-34
22052142,CSE-34
22052143,CSE-34
22052438,CSE-34
22052441,CSE-34
22052442,CSE-34
22053142,CSE-34
22053274,CSE-34
22053365,CSE-34
22053445,CSE-34
22053881,CSE-34
22054214,CSE-34
22054239,CSE-34
22054323,CSE-34
22054327,CSE-34
22054330,CSE-34
22054344,CSE-34
22054365,CSE-34
22054394,CSE-34
22054405,CSE-34
22054412,CSE-34
22054413,CSE-34
22054414,CSE-34
2205284,CSE-35
2205356,CSE-35
2205569,CSE-35
2205838,CSE-35
2205903,CSE-35
22051156,CSE-35
22051160,CSE-35
22051332,CSE-35
22051754,CSE-35
22051846,CSE-35
22051853,CSE-35
22052184,CSE-35
22052614,CSE-35
22052626,CSE-35
22052857,CSE-35
22053326,CSE-35
22053334,CSE-35
22053568,CSE-35
22053694,CSE-35
22053853,CSE-35
2205039,CSE-35
2205047,CSE-35
2205088,CSE-35
2205391,CSE-35
2205460,CSE-35
2205552,CSE-35
2205557,CSE-35
2205568,CSE-35
2205581,CSE-35
2205678,CSE-35
2205875,CSE-35
2205882,CSE-35
2205919,CSE-35
2205963,CSE-35
2205999,CSE-35
22051047,CSE-35
22051133,CSE-35
22051260,CSE-35
22051331,CSE-35
22051612,CSE-35
22051847,CSE-35
22052093,CSE-35
22052129,CSE-35
22052190,CSE-35
22052191,CSE-35
22052192,CSE-35
22052209,CSE-35
22052210,CSE-35
22052459,CSE-35
22052588,CSE-35
22052701,CSE-35
22052727,CSE-35
22052763,CSE-35
22052808,CSE-35
22052824,CSE-35
22052841,CSE-35
22052979,CSE-35
22053060,CSE-35
22053067,CSE-35
22053126,CSE-35
22053156,CSE-35
22053198,CSE-35
22053211,CSE-35
22053508,CSE-35
22053567,CSE-35
22053591,CSE-35
22053622,CSE-35
22053649,CSE-35
22053794,CSE-35
22053807,CSE-35
22053817,CSE-35
22054117,CSE-35
22054118,CSE-35
22054137,CSE-35
22054141,CSE-35
22054317,CSE-35
22054369,CSE-35
23057026,CSE-35
2205409,CSE-36
2205980,CSE-36
22051155,CSE-36
22051328,CSE-36
22051371,CSE-36
22051388,CSE-36
22051748,CSE-36
22051784,CSE-36
22051844,CSE-36
22051850,CSE-36
22051921,CSE-36
22052206,CSE-36
22052217,CSE-36
22052260,CSE-36
22052374,CSE-36
22052608,CSE-36
22052774,CSE-36
22052801,CSE-36
22053046,CSE-36
22053193,CSE-36
22053715,CSE-36
22053717,CSE-36
22053887,CSE-36
22053958,CSE-36
22054343,CSE-36
22054395,CSE-36
2205401,CSE-36
2205804,CSE-36
2205891,CSE-36
2205899,CSE-36
2205921,CSE-36
2205952,CSE-36
22051017,CSE-36
22051119,CSE-36
22051140,CSE-36
22051141,CSE-36
22051610,CSE-36
22051613,CSE-36
22051632,CSE-36
22051653,CSE-36
22051733,CSE-36
22051745,CSE-36
22051757,CSE-36
22051762,CSE-36
22051849,CSE-36
22051959,CSE-36
22051996,CSE-36
22052006,CSE-36
22052015,CSE-36
22052188,CSE-36
22052255,CSE-36
22052367,CSE-36
22052555,CSE-36
22052683,CSE-36
22052693,CSE-36
22053023,CSE-36
22053050,CSE-36
22053205,CSE-36
22053241,CSE-36
22053303,CSE-36
22053581,CSE-36
22053606,CSE-36
22053787,CSE-36
22053879,CSE-36
22053886,CSE-36
22053902,CSE-36
22054109,CSE-36
22054114,CSE-36
22054121,CSE-36
22054133,CSE-36
22054135,CSE-36
22054142,CSE-36
22054265,CSE-36
22054269,CSE-36
22054285,CSE-36
22054370,CSE-36
22054371,CSE-36
22054396,CSE-36
2205063,CSE-37
2205070,CSE-37
2205075,CSE-37
2205247,CSE-37
2205368,CSE-37
2205371,CSE-37
2205835,CSE-37
22051772,CSE-37
22052187,CSE-37
22052214,CSE-37
22052554,CSE-45
22052856,CSE-37
22052867,CSE-37
22053163,CSE-37
22053304,CSE-37
22053684,CSE-37
22053880,CSE-37
22053898,CSE-37
22053982,CSE-37
22054004,CSE-37
22054047,CSE-37
22054209,CSE-37
22054293,CSE-37
2205076,CSE-37
2205077,CSE-37
2205108,CSE-37
2205188,CSE-37
2205313,CSE-37
2205318,CSE-37
2205447,CSE-37
2205511,CSE-37
2205584,CSE-37
2205628,CSE-37
2205637,CSE-37
2205876,CSE-37
22051078,CSE-37
22051309,CSE-37
22051422,CSE-37
22051443,CSE-37
22051471,CSE-37
22051565,CSE-37
22051605,CSE-37
22051738,CSE-37
22051744,CSE-37
22051822,CSE-37
22051823,CSE-37
22051824,CSE-37
22052178,CSE-37
22052270,CSE-37
22052311,CSE-37
22052335,CSE-37
22052458,CSE-37
22052476,CSE-37
22052499,CSE-37
22052519,CSE-37
22052544,CSE-37
22052621,CSE-37
22052630,CSE-37
22052742,CSE-37
22052888,CSE-37
22052909,CSE-37
22053175,CSE-37
22053391,CSE-37
22053680,CSE-37
22053719,CSE-37
22053935,CSE-37
22053971,CSE-37
22054100,CSE-37
22054108,CSE-37
22054147,CSE-37
22054152,CSE-37
22054174,CSE-37
22054191,CSE-37
22054196,CSE-37
22054243,CSE-37
22054244,CSE-37
22054275,CSE-37
22054356,CSE-37
2205144,CSE-38
2205319,CSE-38
2205362,CSE-38
22051183,CSE-38
22051238,CSE-38
22051252,CSE-38
22051303,CSE-38
22051479,CSE-38
22051485,CSE-38
22052132,CSE-38
22052730,CSE-38
22053490,CSE-31
22053566,CSE-38
22053722,CSE-38
22053836,CSE-38
22053866,CSE-38
22054245,CSE-38
22054348,CSE-38
22054349,CSE-38
22054350,CSE-38
22054368,CSE-38
22054404,CSE-38
22054422,CSE-38
23057049,CSE-38
2205168,CSE-38
2205171,CSE-38
2205277,CSE-38
2205320,CSE-38
2205620,CSE-38
2205878,CSE-38
21052348,CSE-38
22051146,CSE-38
22051159,CSE-38
22051251,CSE-38
22051316,CSE-38
22051428,CSE-38
22051477,CSE-38
22051527,CSE-38
22051723,CSE-38
22051833,CSE-38
22051834,CSE-38
22051915,CSE-38
22051987,CSE-38
22052021,CSE-38
22052095,CSE-38
22052130,CSE-38
22052136,CSE-38
22052228,CSE-38
22052249,CSE-38
22052287,CSE-38
22052312,CSE-38
22052352,CSE-38
22052364,CSE-38
22052424,CSE-38
22052950,CSE-38
22053229,CSE-38
22053459,CSE-38
22053541,CSE-38
22053556,CSE-38
22053598,CSE-38
22053825,CSE-38
22053875,CSE-38
22053876,CSE-38
22053909,CSE-38
22053918,CSE-38
22053963,CSE-38
22053995,CSE-38
22054000,CSE-38
22054001,CSE-38
22054060,CSE-38
22054139,CSE-38
22054189,CSE-38
22054271,CSE-38
22054353,CSE-38
22054358,CSE-38
22054360,CSE-38
22054383,CSE-38
22054400,CSE-38
2205024,CSE-39
2205059,CSE-39
2205309,CSE-39
2205551,CSE-39
2205812,CSE-39
2205887,CSE-39
2205934,CSE-39
22051086,CSE-39
22051521,CSE-39
22051677,CSE-39
22051931,CSE-39
22052117,CSE-39
22052181,CSE-39
22052202,CSE-39
22052250,CSE-39
22052702,CSE-27
22052820,CSE-39
22053151,CSE-39
22053196,CSE-39
22053369,CSE-39
22053856,CSE-39
2205195,CSE-39
2205540,CSE-39
2205574,CSE-39
2205582,CSE-39
2205841,CSE-39
2205991,CSE-39
22051009,CSE-39
22051014,CSE-39
22051037,CSE-39
22051122,CSE-39
22051161,CSE-39
22051162,CSE-39
22051167,CSE-39
22051173,CSE-39
22051248,CSE-39
22051267,CSE-39
22051351,CSE-39
22051502,CSE-39
22051596,CSE-39
22051614,CSE-39
22051886,CSE-39
22052624,CSE-39
22052699,CSE-39
22052810,CSE-39
22052816,CSE-39
22052819,CSE-39
22052874,CSE-39
22052885,CSE-39
22052974,CSE-39
22053059,CSE-39
22053068,CSE-39
22053069,CSE-39
22053130,CSE-39
22053131,CSE-39
22053148,CSE-39
22053157,CSE-39
22053164,CSE-39
22053195,CSE-39
22053247,CSE-39
22053250,CSE-39
22053412,CSE-39
22053427,CSE-39
22053437,CSE-39
22053532,CSE-39
22053638,CSE-39
22053840,CSE-39
22053842,CSE-39
22053844,CSE-39
22053892,CSE-39
22053893,CSE-39
22053915,CSE-39
22054300,CSE-39
23057004,CSE-39
23057056,CSE-39
23057058,CSE-39
2205290,CSE-40
2205421,CSE-40
22051407,CSE-40
22052035,CSE-40
22052373,CSE-40
22052620,CSE-40
22052894,CSE-40
22053018,CSE-40
22053020,CSE-40
2205275,CSE-40
2205321,CSE-40
2205502,CSE-40
2205585,CSE-40
2205658,CSE-40
2205659,CSE-40
2205662,CSE-40
2205665,CSE-40
2205745,CSE-40
2205860,CSE-40
2205873,CSE-40
2205905,CSE-40
2205961,CSE-40
22051048,CSE-40
22051555,CSE-40
22051714,CSE-40
22051716,CSE-40
22051724,CSE-40
22051755,CSE-40
22051858,CSE-40
22051866,CSE-40
22051892,CSE-40
22051911,CSE-40
22051928,CSE-40
22051937,CSE-40
22051950,CSE-40
22051969,CSE-40
22052029,CSE-40
22052033,CSE-40
22052059,CSE-40
22052081,CSE-40
22052109,CSE-40
22052204,CSE-40
22052223,CSE-40
22052226,CSE-40
22052234,CSE-40
22052252,CSE-40
22052321,CSE-40
22052326,CSE-40
22052345,CSE-40
22052523,CSE-40
22052546,CSE-40
22052598,CSE-40
22052613,CSE-40
22052638,CSE-40
22052659,CSE-40
22052663,CSE-40
22052680,CSE-40
22052691,CSE-40
22052706,CSE-40
22052734,CSE-40
22052750,CSE-40
22052765,CSE-40
22052807,CSE-40
22052915,CSE-40
22052935,CSE-40
22052936,CSE-40
22052947,CSE-40
22052954,CSE-40
22052961,CSE-40
22053038,CSE-40
22053330,CSE-40
22053353,CSE-40
22053597,CSE-40
22053602,CSE-40
22053608,CSE-40
22053646,CSE-40
22053668,CSE-40
22053985,CSE-40
2205071,CSE-41
2205112,CSE-41
2205339,CSE-41
2205406,CSE-41
2205718,CSE-41
2205803,CSE-41
2205809,CSE-41
22051069,CSE-41
22051145,CSE-41
22051295,CSE-41
22051307,CSE-41
22051530,CSE-41
22051870,CSE-41
22052219,CSE-41
22052222,CSE-41
22052242,CSE-41
22052315,CSE-41
22052327,CSE-41
22052392,CSE-41
22052627,CSE-41
22052770,CSE-41
22052988,CSE-41
22053248,CSE-41
22053400,CSE-41
22053406,CSE-41
22053477,CSE-41
22053515,CSE-29
22053775,CSE-41
22053938,CSE-41
22054433,CSE-41
2205151,CSE-41
2205158,CSE-41
2205186,CSE-41
2205204,CSE-41
2205235,CSE-41
2205294,CSE-41
2205393,CSE-41
2205528,CSE-41
2205706,CSE-41
2205712,CSE-41
2205714,CSE-41
2205732,CSE-41
2205743,CSE-41
2205810,CSE-41
2205986,CSE-41
22051023,CSE-41
22051326,CSE-41
22051488,CSE-41
22051504,CSE-41
22051659,CSE-41
22051673,CSE-41
22051717,CSE-41
22051730,CSE-41
22052220,CSE-41
22052224,CSE-41
22052561,CSE-41
22052615,CSE-41
22052741,CSE-41
22052755,CSE-41
22052931,CSE-41
22052951,CSE-41
22053104,CSE-41
22053167,CSE-41
22053238,CSE-41
22053398,CSE-41
22053416,CSE-41
22053417,CSE-41
22053431,CSE-41
22053665,CSE-41
22053758,CSE-41
22053855,CSE-41
22053861,CSE-41
22053956,CSE-41
22054006,CSE-41
22054088,CSE-41
22054262,CSE-41
22054270,CSE-41
22054468,CSE-41
2205383,CSE-42
2205667,CSE-42
2205670,CSE-42
22051218,CSE-42
22051508,CSE-42
22052027,CSE-42
22052356,CSE-42
22052428,CSE-42
22052495,CSE-42
22052498,CSE-42
22052508,CSE-42
22052737,CSE-42
22052895,CSE-42
22052997,CSE-42
22053132,CSE-42
22053180,CSE-42
22053545,CSE-42
22053763,CSE-42
22054136,CSE-42
2205117,CSE-42
2205118,CSE-42
2205165,CSE-42
2205167,CSE-42
2205276,CSE-42
2205561,CSE-42
2205573,CSE-42
2205576,CSE-42
2205580,CSE-42
2205651,CSE-42
2205657,CSE-42
2205782,CSE-42
2205819,CSE-42
2205851,CSE-42
2205858,CSE-42
2205864,CSE-42
2205902,CSE-42
2205962,CSE-42
22051074,CSE-42
22051077,CSE-42
22051079,CSE-42
22051327,CSE-42
22051339,CSE-42
22051342,CSE-42
22051358,CSE-42
22051370,CSE-42
22051405,CSE-42
22051484,CSE-42
22051537,CSE-42
22052046,CSE-42
22052185,CSE-42
22052379,CSE-42
22052515,CSE-42
22052825,CSE-42
22052904,CSE-42
22052906,CSE-42
22052907,CSE-42
22052994,CSE-42
22053014,CSE-42
22053232,CSE-42
22053308,CSE-42
22053405,CSE-42
22053455,CSE-42
22053487,CSE-42
22053499,CSE-42
22053534,CSE-42
22053610,CSE-42
22053648,CSE-42
22053672,CSE-03
22053708,CSE-42
22053735,CSE-03
22053809,CSE-42
22053897,CSE-42
22053900,CSE-42
22054276,CSE-42
22054336,CSE-42
23057031,CSE-42
23057039,CSE-42
23057042,CSE-42
2205317,CSE-43
2205336,CSE-43
2205431,CSE-43
2205795,CSE-43
2205824,CSE-43
2205825,CSE-43
2205982,CSE-43
22051006,CSE-43
22051089,CSE-43
22051171,CSE-43
22051263,CSE-43
22051279,CSE-43
22051442,CSE-43
22051786,CSE-43
22051789,CSE-43
22051898,CSE-43
22051902,CSE-43
22051998,CSE-43
22052089,CSE-43
22052268,CSE-43
22052271,CSE-43
22052600,CSE-43
22052746,CSE-43
22052779,CSE-43
22052800,CSE-43
22053165,CSE-43
22053671,CSE-18
22053929,CSE-43
22053979,CSE-43
22054014,CSE-43
22054143,CSE-06
22054297,CSE-43
22054374,CSE-43
2205068,CSE-43
2205198,CSE-43
2205237,CSE-43
2205389,CSE-43
2205619,CSE-43
2205676,CSE-43
2205677,CSE-43
2205781,CSE-43
2205830,CSE-43
22051002,CSE-43
22051064,CSE-43
22051110,CSE-43
22051181,CSE-43
22051381,CSE-43
22051740,CSE-43
22051918,CSE-43
22051924,CSE-43
22051944,CSE-43
22051946,CSE-43
22052276,CSE-43
22052279,CSE-43
22052319,CSE-43
22052331,CSE-43
22052489,CSE-43
22052501,CSE-43
22052634,CSE-43
22052792,CSE-43
22052851,CSE-43
22052970,CSE-43
22053002,CSE-43
22053122,CSE-43
22053192,CSE-43
22053514,CSE-43
22053654,CSE-43
22053667,CSE-43
22053950,CSE-43
22054051,CSE-43
22054110,CSE-43
22054219,CSE-43
22054284,CSE-43
22054298,CSE-43
22054435,CSE-43
22054437,CSE-43
22054438,CSE-43
23057055,CSE-43
2205162,CSE-44
2205211,CSE-44
2205441,CSE-44
22051094,CSE-44
22051261,CSE-44
22052168,CSE-44
22052317,CSE-44
22052525,CSE-44
22052881,CSE-44
22053423,CSE-44
22053450,CSE-44
22053599,CSE-44
22053681,CSE-44
22054150,CSE-44
2205023,CSE-44
2205055,CSE-44
2205091,CSE-44
2205104,CSE-44
2205113,CSE-44
2205126,CSE-44
2205152,CSE-44
2205328,CSE-44
2205428,CSE-44
2205480,CSE-49
2205597,CSE-44
2205634,CSE-44
2205701,CSE-44
2205733,CSE-44
2205846,CSE-44
22051036,CSE-44
22051193,CSE-44
22051216,CSE-44
22051299,CSE-44
22051302,CSE-44
22051573,CSE-44
22051636,CSE-44
22051690,CSE-44
22051707,CSE-44
22051756,CSE-44
22051812,CSE-44
22052146,CSE-44
22052169,CSE-44
22052194,CSE-44
22052267,CSE-44
22052284,CSE-44
22052285,CSE-44
22052336,CSE-44
22052513,CSE-44
22052548,CSE-44
22052762,CSE-44
22052971,CSE-44
22052998,CSE-44
22053003,CSE-44
22053019,CSE-44
22053025,CSE-44
22053037,CSE-44
22053041,CSE-44
22053042,CSE-44
22053173,CSE-44
22053277,CSE-44
22053463,CSE-44
22053468,CSE-44
22053516,CSE-44
22053716,CSE-44
22053736,CSE-44
22053868,CSE-44
22053883,CSE-44
22053905,CSE-44
22053926,CSE-44
22054032,CSE-44
22054050,CSE-44
22054059,CSE-44
22054093,CSE-44
22054225,CSE-44
22054359,CSE-44
22051093,CSE-45
22051158,CSE-45
22052410,CSE-45
22052481,CSE-45
22052502,CSE-45
22052505,CSE-45
22052814,CSE-45
22052837,CSE-45
22052928,CSE-45
22053480,CSE-45
22053555,CSE-45
22053573,CSE-45
22053579,CSE-45
22053618,CSE-45
22054076,CSE-45
22054211,CSE-45
22054292,CSE-45
2205016,CSE-45
2205052,CSE-45
2205066,CSE-45
2205209,CSE-45
2205539,CSE-45
2205624,CSE-45
2205693,CSE-45
2205736,CSE-45
2205801,CSE-45
2205833,CSE-45
22051098,CSE-45
22051124,CSE-45
22051126,CSE-45
22051157,CSE-45
22051280,CSE-45
22051287,CSE-45
22051289,CSE-45
22051291,CSE-45
22051397,CSE-45
22051449,CSE-45
22051519,CSE-45
22051556,CSE-45
22051648,CSE-45
22051681,CSE-45
22051881,CSE-45
22051891,CSE-45
22051907,CSE-45
22051910,CSE-45
22052052,CSE-45
22052147,CSE-45
22052155,CSE-45
22052162,CSE-45
22052251,CSE-45
22052259,CSE-45
22052297,CSE-45
22052405,CSE-45
22052450,CSE-45
22052524,CSE-45
22052558,CSE-45
22052589,CSE-45
22052622,CSE-45
22052735,CSE-45
22053128,CSE-45
22053141,CSE-45
22053231,CSE-45
22053245,CSE-45
22053527,CSE-45
22053590,CSE-45
22053631,CSE-45
22053830,CSE-45
22053845,CSE-45
22053850,CSE-45
22053978,CSE-45
22054020,CSE-45
22054024,CSE-45
22054066,CSE-45
22054068,CSE-45
22054084,CSE-45
22054138,CSE-45
22054154,CSE-45
23057063,CSE-45
2205291,CSE-46
2205492,CSE-46
22051323,CSE-46
22051340,CSE-46
22052753,CSE-46
22052847,CSE-46
22052939,CSE-46
22053135,CSE-46
22053240,CSE-46
22053244,CSE-46
22053272,CSE-46
22053273,CSE-46
22053301,CSE-46
22053433,CSE-46
22053641,CSE-46
22053653,CSE-46
22053930,CSE-46
2205100,CSE-46
2205110,CSE-46
2205111,CSE-46
2205116,CSE-46
2205157,CSE-46
2205289,CSE-46
2205304,CSE-46
2205353,CSE-46
2205382,CSE-46
2205408,CSE-46
2205414,CSE-46
2205454,CSE-46
2205565,CSE-46
2205605,CSE-46
2205614,CSE-46
2205623,CSE-46
2205626,CSE-46
2205641,CSE-46
2205669,CSE-46
2205689,CSE-46
2205735,CSE-46
2205773,CSE-46
2205815,CSE-46
2205856,CSE-46
22051067,CSE-46
22051209,CSE-46
22051489,CSE-46
22051532,CSE-46
22051584,CSE-46
22051682,CSE-46
22051711,CSE-46
22051726,CSE-46
22051752,CSE-46
22052154,CSE-46
22052323,CSE-46
22052359,CSE-46
22052509,CSE-46
22052603,CSE-46
22052724,CSE-46
22052766,CSE-46
22052858,CSE-46
22052940,CSE-46
22053028,CSE-46
22053066,CSE-46
22053134,CSE-46
22053184,CSE-46
22053253,CSE-46
22053439,CSE-46
22053469,CSE-46
22053488,CSE-46
22053596,CSE-46
22053611,CSE-46
22053633,CSE-46
22053634,CSE-46
22053731,CSE-46
22053744,CSE-46
22053745,CSE-46
22053831,CSE-46
22053884,CSE-46
22053908,CSE-46
22054221,CSE-46
2205119,CSE-47
2205438,CSE-47
2205694,CSE-47
2205820,CSE-47
2205895,CSE-47
2205931,CSE-47
22051026,CSE-47
22051222,CSE-47
22051402,CSE-47
22051452,CSE-47
22051463,CSE-47
22051501,CSE-47
22051604,CSE-47
22051638,CSE-47
22051936,CSE-47
22052507,CSE-47
22052982,CSE-47
22053140,CSE-47
22053146,CSE-47
22053210,CSE-47
22053358,CSE-47
22053549,CSE-47
22053724,CSE-47
22053820,CSE-47
22054086,CSE-47
22054156,CSE-47
22054159,CSE-47
22054266,CSE-47
22054278,CSE-47
22054450,CSE-47
2205041,CSE-47
2205087,CSE-47
2205562,CSE-47
2205686,CSE-47
2205707,CSE-47
2205722,CSE-47
2205776,CSE-47
2205798,CSE-47
22051024,CSE-47
22051033,CSE-47
22051200,CSE-47
22051406,CSE-47
22051541,CSE-47
22051630,CSE-47
22051637,CSE-47
22051669,CSE-47
22051671,CSE-47
22052007,CSE-47
22052062,CSE-47
22052349,CSE-47
22052725,CSE-47
22052987,CSE-47
22053160,CSE-47
22053276,CSE-47
22053359,CSE-47
22053381,CSE-47
22053511,CSE-47
22053592,CSE-47
22053709,CSE-47
22054012,CSE-47
22054015,CSE-47
22054025,CSE-47
22054041,CSE-47
22054058,CSE-47
22054077,CSE-47
22054107,CSE-47
22054127,CSE-47
22054130,CSE-47
22054153,CSE-47
22054273,CSE-47
22054274,CSE-47
22054280,CSE-47
22054443,CSE-47
22054445,CSE-47
22054449,CSE-47
23057037,CSE-47
23057043,CSE-47
23057047,CSE-47
2205248,CSE-48
2205341,CSE-48
2205348,CSE-48
2205797,CSE-48
2205872,CSE-48
2205972,CSE-48
2205998,CSE-48
22051186,CSE-33
22051424,CSE-48
22051701,CSE-48
22052030,CSE-48
22052080,CSE-48
22052207,CSE-48
22052244,CSE-48
22052338,CSE-48
22052618,CSE-48
22052651,CSE-48
22052784,CSE-48
22052815,CSE-48
22052855,CSE-48
22052920,CSE-48
22053044,CSE-48
22053217,CSE-48
22054090,CSE-48
22054124,CSE-48
22054281,CSE-48
2205234,CSE-48
2205345,CSE-48
2205347,CSE-48
2205488,CSE-48
2205660,CSE-48
2205839,CSE-48
2205840,CSE-48
2205877,CSE-48
2205965,CSE-48
2205984,CSE-48
22051113,CSE-48
22051118,CSE-48
22051174,CSE-48
22051184,CSE-48
22051444,CSE-48
22051529,CSE-48
22051557,CSE-48
22051626,CSE-48
22051641,CSE-48
22051801,CSE-48
22052036,CSE-48
22052074,CSE-48
22052137,CSE-48
22052139,CSE-48
22052149,CSE-48
22052253,CSE-48
22052309,CSE-48
22052340,CSE-48
22052376,CSE-48
22052443,CSE-48
22052451,CSE-48
22052461,CSE-48
22052477,CSE-48
22052821,CSE-48
22052903,CSE-48
22053187,CSE-48
22053361,CSE-48
22053404,CSE-48
22053428,CSE-48
22053503,CSE-48
22053726,CSE-48
22053732,CSE-48
22053860,CSE-48
22053965,CSE-48
22054081,CSE-48
22054089,CSE-48
22054301,CSE-48
22054304,CSE-48
22054308,CSE-48
23057019,CSE-48
23057022,CSE-48
23057057,CSE-48
2205274,CSE-49
2205370,CSE-49
2205422,CSE-49
2205805,CSE-49
2205950,CSE-49
22051827,CSE-49
22051832,CSE-49
22051897,CSE-49
22052159,CSE-49
22052171,CSE-49
22052189,CSE-49
22052325,CSE-49
22052569,CSE-49
22052576,CSE-49
22052628,CSE-49
22052713,CSE-49
22052879,CSE-49
22052943,CSE-49
22053181,CSE-49
22053363,CSE-49
22053440,CSE-49
22053458,CSE-49
22054217,CSE-49
2205030,CSE-49
2205109,CSE-49
2205142,CSE-49
2205143,CSE-49
2205207,CSE-49
2205297,CSE-49
2205420,CSE-49
2205435,CSE-49
2205449,CSE-49
2205527,CSE-49
2205708,CSE-49
2205787,CSE-49
22051004,CSE-49
22051013,CSE-49
22051035,CSE-49
22051040,CSE-49
22051088,CSE-49
22051132,CSE-49
22051142,CSE-49
22051210,CSE-49
22051725,CSE-49
22051916,CSE-49
22051961,CSE-49
22052017,CSE-49
22052041,CSE-49
22052071,CSE-49
22052148,CSE-49
22052172,CSE-49
22052429,CSE-49
22052522,CSE-49
22052532,CSE-49
22052534,CSE-49
22052535,CSE-49
22052594,CSE-49
22052673,CSE-49
22052708,CSE-49
22052880,CSE-49
22052926,CSE-49
22052941,CSE-49
22052978,CSE-49
22053048,CSE-49
22053054,CSE-49
22053057,CSE-49
22053093,CSE-49
22053176,CSE-49
22053432,CSE-49
22053444,CSE-49
22053721,CSE-49
22053841,CSE-49
22053846,CSE-49
22053847,CSE-49
22053891,CSE-49
22053901,CSE-49
22054170,CSE-49
23057029,CSE-49
2205486,CSE-50
2205509,CSE-50
2205538,CSE-50
2205553,CSE-50
2205892,CSE-50
2205937,CSE-18
22051386,CSE-50
22051440,CSE-50
22051776,CSE-50
22051799,CSE-50
22051815,CSE-50
22051818,CSE-50
22051909,CSE-50
22052200,CSE-50
22052389,CSE-50
22052654,CSE-50
22052661,CSE-50
22052869,CSE-50
22053540,CSE-29
22053587,CSE-50
22053588,CSE-50
22053700,CSE-50
22053992,CSE-50
22054162,CSE-29
22054261,CSE-50
22054299,CSE-50
22054384,CSE-50
23057012,CSE-50
2205089,CSE-50
2205254,CSE-50
2205271,CSE-50
2205278,CSE-50
2205344,CSE-50
2205384,CSE-50
2205394,CSE-50
2205407,CSE-50
2205448,CSE-50
2205459,CSE-50
2205484,CSE-50
2205505,CSE-50
2205510,CSE-50
2205543,CSE-50
2205699,CSE-50
2205726,CSE-50
2205843,CSE-50
2205890,CSE-50
2205920,CSE-50
2205978,CSE-50
22051143,CSE-50
22051224,CSE-50
22051297,CSE-50
22051376,CSE-50
22051448,CSE-50
22051453,CSE-50
22051872,CSE-50
22052102,CSE-50
22052103,CSE-50
22052125,CSE-50
22052486,CSE-50
22052552,CSE-50
22052899,CSE-50
22052949,CSE-50
22052955,CSE-50
22052969,CSE-50
22053026,CSE-50
22053115,CSE-50
22053120,CSE-50
22053125,CSE-50
22053154,CSE-50
22053158,CSE-50
22053204,CSE-50
22053283,CSE-50
22053292,CSE-50
22053422,CSE-50
22053658,CSE-50
22053832,CSE-50
22054027,CSE-50
22054324,CSE-50
2205050,CSE-51
2205452,CSE-51
2205522,CSE-51
2205636,CSE-51
2205664,CSE-51
2205958,CSE-51
22051148,CSE-51
22051179,CSE-51
22051189,CSE-51
22051208,CSE-51
22051240,CSE-51
22051369,CSE-51
22051495,CSE-51
22051522,CSE-51
22051806,CSE-42
22052174,CSE-51
22052639,CSE-51
22053256,CSE-51
22053467,CSE-51
22053531,CSE-51
22053858,CSE-51
22053966,CSE-51
22054264,CSE-51
23057054,CSE-51
2205036,CSE-51
2205038,CSE-51
2205133,CSE-51
2205310,CSE-51
2205312,CSE-51
2205326,CSE-51
2205392,CSE-51
2205575,CSE-51
2205578,CSE-51
2205697,CSE-51
2205721,CSE-51
2205849,CSE-51
2205862,CSE-51
2205935,CSE-51
2205964,CSE-51
21053204,CSE-51
22051394,CSE-51
22051401,CSE-51
22051482,CSE-51
22051524,CSE-51
22051526,CSE-51
22051542,CSE-51
22051597,CSE-51
22051633,CSE-51
22051658,CSE-51
22051780,CSE-51
22051817,CSE-51
22051901,CSE-51
22051939,CSE-51
22051983,CSE-51
22051984,CSE-51
22052001,CSE-51
22052141,CSE-51
22052288,CSE-51
22052292,CSE-51
22052294,CSE-51
22052304,CSE-51
22052329,CSE-51
22052435,CSE-51
22052482,CSE-51
22052590,CSE-51
22052934,CSE-51
22053111,CSE-51
22053275,CSE-51
22054010,CSE-51
22054079,CSE-51
22054094,CSE-51
22054182,CSE-51
22054241,CSE-51
22054291,CSE-51
22054421,CSE-51
22054452,CSE-51
2205219,CSE-52
2205912,CSE-52
2205975,CSE-52
22051265,CSE-52
22051305,CSE-52
22051421,CSE-52
22051765,CSE-52
22052107,CSE-52
22052929,CSE-52
22054390,CSE-52
2205155,CSE-52
2205206,CSE-52
2205208,CSE-52
2205229,CSE-52
2205330,CSE-52
2205337,CSE-52
2205360,CSE-52
2205386,CSE-52
2205466,CSE-52
2205474,CSE-52
2205493,CSE-52
2205763,CSE-52
2205916,CSE-52
2205955,CSE-52
22051018,CSE-52
22051021,CSE-52
22051083,CSE-52
22051217,CSE-52
22051237,CSE-52
22051273,CSE-52
22051301,CSE-52
22051329,CSE-52
22051560,CSE-52
22051587,CSE-52
22051609,CSE-52
22051634,CSE-52
22051644,CSE-52
22051649,CSE-52
22051698,CSE-52
22051785,CSE-52
22051787,CSE-52
22051802,CSE-52
22052055,CSE-52
22052298,CSE-52
22052431,CSE-52
22052625,CSE-52
22052698,CSE-52
22052932,CSE-52
22052933,CSE-52
22052945,CSE-52
22052948,CSE-52
22052952,CSE-52
22053079,CSE-52
22053087,CSE-52
22053249,CSE-52
22053254,CSE-52
22053260,CSE-52
22053263,CSE-52
22053267,CSE-52
22053478,CSE-52
22053575,CSE-52
22053931,CSE-52
22053932,CSE-52
22053957,CSE-52
22054148,CSE-52
22054393,CSE-52
22054420,CSE-52
22054425,CSE-52
22054429,CSE-52
22054446,CSE-52
22054447,CSE-52
22054455,CSE-52
22054456,CSE-52
22054457,CSE-52
22054460,CSE-52
22054463,CSE-52
22054464,CSE-52
22054467,CSE-52
2205062,CSE-53
2205918,CSE-53
2205992,CSE-53
22051039,CSE-53
22051253,CSE-53
22051257,CSE-53
22051392,CSE-53
22051457,CSE-53
22051475,CSE-53
22051837,CSE-53
22051960,CSE-53
22051973,CSE-53
22052258,CSE-53
22052577,CSE-53
22052585,CSE-53
22052782,CSE-53
22053099,CSE-53
22053380,CSE-53
22053386,CSE-53
22053675,CSE-04
2205060,CSE-53
2205357,CSE-53
2205560,CSE-53
2205590,CSE-53
2205595,CSE-53
2205645,CSE-53
2205792,CSE-53
2205806,CSE-53
2205808,CSE-53
2205816,CSE-53
2205925,CSE-53
22051034,CSE-53
22051116,CSE-53
22051128,CSE-53
22051187,CSE-53
22051188,CSE-53
22051389,CSE-53
22051467,CSE-53
22051476,CSE-53
22051828,CSE-53
22051875,CSE-53
22051885,CSE-53
22051888,CSE-53
22051905,CSE-53
22051992,CSE-53
22051993,CSE-53
22052156,CSE-53
22052160,CSE-53
22052166,CSE-53
22052195,CSE-53
22052355,CSE-53
22052366,CSE-53
22052462,CSE-53
22052579,CSE-53
22052731,CSE-53
22053284,CSE-53
22053293,CSE-53
22053364,CSE-53
22053375,CSE-53
22053376,CSE-53
22053378,CSE-53
22053384,CSE-53
22053451,CSE-53
22053473,CSE-53
22053548,CSE-53
22053558,CSE-53
22053562,CSE-53
22053571,CSE-53
22053605,CSE-53
22053728,CSE-53
22053912,CSE-53
22053943,CSE-53
22054168,CSE-53
22054216,CSE-53
22054233,CSE-53
22054255,CSE-53
22054257,CSE-53
22054392,CSE-53
2205455,CSE-54
2205793,CSE-54
2205917,CSE-54
22051191,CSE-54
22051343,CSE-54
22051743,CSE-54
22051862,CSE-54
22052061,CSE-54
22052254,CSE-54
22053321,CSE-54
22053436,CSE-54
22053475,CSE-54
22053543,CSE-54
22053609,CSE-54
22053685,CSE-54
22053691,CSE-54
22054314,CSE-54
2205139,CSE-54
2205170,CSE-54
2205196,CSE-54
2205350,CSE-54
2205387,CSE-54
2205458,CSE-54
2205467,CSE-54
2205473,CSE-54
2205652,CSE-54
2205715,CSE-54
2205756,CSE-54
2205861,CSE-54
2205896,CSE-54
2205957,CSE-54
2205985,CSE-54
22051050,CSE-54
22051052,CSE-54
22051054,CSE-54
22051062,CSE-54
22051063,CSE-54
22051082,CSE-54
22051509,CSE-54
22051536,CSE-54
22051571,CSE-54
22051954,CSE-54
22051989,CSE-54
22051997,CSE-54
22052208,CSE-54
22052266,CSE-54
22052283,CSE-54
22052348,CSE-54
22052388,CSE-54
22052404,CSE-54
22052562,CSE-54
22052629,CSE-54
22052720,CSE-54
22052818,CSE-54
22052834,CSE-54
22052840,CSE-54
22052922,CSE-54
22053178,CSE-54
22053262,CSE-54
22053302,CSE-54
22053307,CSE-54
22053313,CSE-54
22053342,CSE-54
22053343,CSE-54
22053357,CSE-54
22053372,CSE-54
22053374,CSE-54
22053435,CSE-54
22053690,CSE-54
22053873,CSE-54
22053941,CSE-54
22053994,CSE-54
22053996,CSE-54
22054002,CSE-54
22054003,CSE-54
22054119,CSE-54
22054169,CSE-54
22054184,CSE-54
2205199,CSE-55
2205331,CSE-55
2205611,CSE-55
2205772,CSE-55
2205938,CSE-55
2205947,CSE-55
22051022,CSE-55
22051232,CSE-55
22051655,CSE-55
22051709,CSE-55
22051720,CSE-55
22051825,CSE-55
22051942,CSE-55
22051953,CSE-55
22051964,CSE-55
22052351,CSE-55
22052358,CSE-55
22052361,CSE-55
22052551,CSE-55
22052575,CSE-55
22052886,CSE-55
22052966,CSE-55
22053091,CSE-55
22053234,CSE-55
22053295,CSE-55
22053331,CSE-55
22053347,CSE-55
22053426,CSE-55
22053620,CSE-55
22053783,CSE-55
22053961,CSE-04
22054008,CSE-55
22054054,CSE-55
22054321,CSE-55
22054329,CSE-55
22054345,CSE-55
22054347,CSE-55
22054364,CSE-55
22054388,CSE-55
23057006,CSE-55
23057030,CSE-55
2205073,CSE-55
2205363,CSE-55
2205372,CSE-55
2205375,CSE-55
2205886,CSE-55
2205894,CSE-55
2205926,CSE-55
2205936,CSE-55
2205940,CSE-55
22051341,CSE-55
22051387,CSE-55
22051687,CSE-55
22051884,CSE-55
22051912,CSE-55
22051914,CSE-55
22051977,CSE-55
22052067,CSE-55
22052227,CSE-55
22052232,CSE-55
22052396,CSE-55
22052402,CSE-55
22052406,CSE-55
22052473,CSE-55
22052853,CSE-55
22053190,CSE-55
22053351,CSE-55
22053356,CSE-55
22053388,CSE-55
22053928,CSE-55
22053975,CSE-55
22054016,CSE-55
22054021,CSE-55
22054039,CSE-55
22054096,CSE-55
22054335,CSE-55
22054375,CSE-55
23057020,CSE-55
2228018,CSSE-01
2228050,CSSE-01
2228055,CSSE-01
2228060,CSSE-01
2228086,CSSE-01
2228087,CSSE-01
2228129,CSSE-01
2228135,CSSE-01
2228144,CSSE-01
2228148,CSSE-01
2228166,CSSE-01
2228001,CSSE-01
2228003,CSSE-01
2228004,CSSE-01
2228007,CSSE-01
2228010,CSSE-01
2228013,CSSE-01
2228014,CSSE-01
2228015,CSSE-01
2228017,CSSE-01
2228020,CSSE-01
2228021,CSSE-01
2228023,CSSE-01
2228024,CSSE-01
2228025,CSSE-01
2228026,CSSE-01
2228027,CSSE-01
2228031,CSSE-01
2228032,CSSE-01
2228037,CSSE-01
2228039,CSSE-01
2228043,CSSE-01
2228045,CSSE-01
2228046,CSSE-01
2228048,CSSE-01
2228049,CSSE-01
2228051,CSSE-01
2228052,CSSE-01
2228053,CSSE-01
2228057,CSSE-01
2228059,CSSE-01
2228062,CSSE-01
2228069,CSSE-01
2228070,CSSE-01
2228073,CSSE-01
2228075,CSSE-01
2228079,CSSE-01
2228080,CSSE-01
2228081,CSSE-01
2228082,CSSE-01
2228083,CSSE-01
2228094,CSSE-01
2228096,CSSE-01
2228097,CSSE-01
2228100,CSSE-01
2228102,CSSE-01
2228114,CSSE-01
2228117,CSSE-01
2228119,CSSE-01
2228120,CSSE-01
2228124,CSSE-01
2228132,CSSE-01
2228138,CSSE-01
2228139,CSSE-01
2228140,CSSE-01
2228141,CSSE-01
2228146,CSSE-01
2228149,CSSE-01
2228154,CSSE-01
2228160,CSSE-01
2228162,CSSE-01
2228163,CSSE-01
2228164,CSSE-01
2228167,CSSE-01
2228168,CSSE-01
2228169,CSSE-01
2228170,CSSE-01
2228172,CSSE-01
2228178,CSSE-01
2228180,CSSE-01
2228181,CSSE-01
2228047,CSSE-02
2228068,CSSE-02
2228076,CSSE-02
2228101,CSSE-02
2228165,CSSE-02
2228176,CSSE-02
2228002,CSSE-02
2228005,CSSE-02
2228006,CSSE-02
2228008,CSSE-02
2228009,CSSE-02
2228011,CSSE-02
2228012,CSSE-02
2228016,CSSE-02
2228019,CSSE-02
2228022,CSSE-02
2228028,CSSE-02
2228029,CSSE-02
2228030,CSSE-02
2228033,CSSE-02
2228034,CSSE-02
2228035,CSSE-02
2228036,CSSE-02
2228038,CSSE-02
2228040,CSSE-02
2228041,CSSE-02
2228044,CSSE-02
2228054,CSSE-02
2228056,CSSE-02
2228058,CSSE-02
2228061,CSSE-02
2228063,CSSE-02
2228064,CSSE-02
2228065,CSSE-02
2228067,CSSE-02
2228074,CSSE-02
2228077,CSSE-02
2228078,CSSE-02
2228084,CSSE-02
2228085,CSSE-02
2228089,CSSE-02
2228090,CSSE-02
2228091,CSSE-02
2228092,CSSE-02
2228095,CSSE-02
2228103,CSSE-02
2228104,CSSE-02
2228106,CSSE-02
2228107,CSSE-02
2228109,CSSE-02
2228110,CSSE-02
2228112,CSSE-02
2228115,CSSE-02
2228116,CSSE-02
2228122,CSSE-02
2228123,CSSE-02
2228125,CSSE-02
2228126,CSSE-02
2228127,CSSE-02
2228128,CSSE-02
2228130,CSSE-02
2228131,CSSE-02
2228133,CSSE-02
2228134,CSSE-02
2228136,CSSE-02
2228137,CSSE-02
2228142,CSSE-02
2228143,CSSE-02
2228147,CSSE-02
2228150,CSSE-02
2228152,CSSE-02
2228155,CSSE-02
2228156,CSSE-02
2228157,CSSE-02
2228158,CSSE-02
2228159,CSSE-02
2228161,CSSE-02
2228171,CSSE-02
2228173,CSSE-02
2228175,CSSE-02
2206004,IT-01
2206006,IT-01
2206022,IT-01
2206027,IT-01
2206028,IT-01
2206031,IT-01
2206056,IT-01
2206060,IT-01
2206094,IT-01
2206095,IT-01
2206116,IT-01
2206125,IT-02
2206152,IT-05
2206167,IT-03
2206178,IT-01
2206232,IT-01
2206237,IT-01
2206238,IT-01
2206268,IT-01
2206316,IT-01
2206349,IT-01
2206355,IT-01
2206423,IT-01
2206012,IT-01
2206024,IT-04
2206036,IT-01
2206038,IT-01
2206039,IT-01
2206040,IT-01
2206042,IT-01
2206045,IT-01
2206064,IT-01
2206068,IT-01
2206071,IT-01
2206074,IT-01
2206081,IT-01
2206082,IT-01
2206107,IT-01
2206108,IT-01
2206122,IT-01
2206135,IT-01
2206155,IT-01
2206173,IT-01
2206176,IT-01
2206177,IT-01
2206181,IT-01
2206183,IT-01
2206184,IT-01
2206185,IT-01
2206189,IT-01
2206196,IT-01
2206198,IT-01
2206207,IT-01
2206214,IT-01
2206222,IT-01
2206228,IT-01
2206229,IT-01
2206244,IT-01
2206258,IT-01
2206267,IT-01
2206270,IT-01
2206291,IT-01
2206298,IT-01
2206314,IT-01
2206317,IT-01
2206320,IT-01
2206330,IT-01
2206361,IT-01
2206404,IT-01
2206407,IT-01
2206415,IT-01
2206418,IT-01
2206419,IT-01
2206425,IT-01
2306602,IT-01
2206021,IT-02
2206026,IT-02
2206109,IT-02
2206111,IT-02
2206117,IT-02
2206129,IT-02
2206210,IT-02
2206215,IT-02
2206226,IT-02
2206231,IT-02
2206251,IT-02
2206279,IT-02
2206288,IT-02
2206295,IT-02
2206329,IT-02
2206346,IT-02
2206353,IT-02
2206385,IT-02
2206398,IT-02
2206406,IT-02
2206356,IT-02
2206018,IT-02
2206043,IT-02
2206061,IT-02
2206066,IT-02
2206067,IT-02
2206078,IT-02
2206088,IT-02
2206100,IT-02
2206110,IT-02
2206119,IT-02
2206126,IT-02
2206127,IT-02
2206136,IT-02
2206137,IT-02
2206140,IT-02
2206142,IT-02
2206146,IT-02
2206158,IT-02
2206170,IT-01
2206190,IT-02
2206201,IT-02
2206202,IT-02
2206203,IT-02
2206204,IT-02
2206213,IT-02
2206218,IT-02
2206219,IT-02
2206223,IT-02
2206233,IT-02
2206234,IT-02
2206235,IT-02
2206239,IT-02
2206241,IT-02
2206255,IT-02
2206256,IT-02
2206259,IT-02
2206263,IT-02
2206269,IT-02
2206271,IT-02
2206277,IT-02
2206278,IT-02
2206280,IT-02
2206281,IT-02
2206282,IT-02
2206283,IT-02
2206300,IT-02
2206304,IT-02
2206305,IT-02
2206322,IT-02
2206326,IT-02
2206374,IT-02
2206386,IT-02
2206396,IT-02
2206408,IT-02
2206409,IT-02
2206416,IT-02
2206417,IT-02
2206420,IT-02
2206424,IT-02
2206062,IT-03
2206073,IT-03
2206160,IT-03
2206162,IT-03
2206217,IT-03
2206247,IT-03
2206273,IT-03
2206293,IT-03
2206303,IT-03
2206313,IT-03
2206315,IT-03
2206345,IT-03
2206357,IT-03
2206376,IT-03
2206405,IT-03
2206262,IT-03
2206003,IT-03
2206008,IT-03
2206009,IT-03
2206011,IT-03
2206020,IT-03
2206033,IT-03
2206046,IT-03
2206047,IT-03
2206048,IT-03
2206053,IT-03
2206057,IT-03
2206065,IT-03
2206069,IT-03
2206070,IT-03
2206072,IT-03
2206077,IT-03
2206086,IT-03
2206089,IT-03
2206101,IT-03
2206134,IT-03
2206138,IT-03
2206139,IT-03
2206141,IT-03
2206157,IT-03
2206159,IT-03
2206161,IT-03
2206174,IT-03
2206200,IT-03
2206208,IT-03
2206230,IT-03
2206236,IT-03
2206240,IT-03
2206242,IT-03
2206243,IT-03
2206246,IT-03
2206249,IT-03
2206250,IT-03
2206252,IT-03
2206253,IT-03
2206254,IT-03
2206257,IT-03
2206261,IT-03
2206272,IT-03
2206274,IT-03
2206276,IT-03
2206284,IT-03
2206287,IT-03
2206292,IT-03
2206294,IT-03
2206302,IT-03
2206312,IT-03
2206324,IT-03
2206328,IT-03
2206331,IT-03
2206337,IT-03
2206341,IT-03
2206348,IT-03
2206350,IT-03
2206377,IT-03
2206383,IT-03
2206412,IT-03
2206414,IT-03
2206421,IT-03
2206016,IT-04
2206087,IT-04
2206098,IT-04
2206164,IT-04
2206171,IT-04
2206199,IT-04
2206310,IT-04
2206375,IT-04
2206378,IT-04
2206001,IT-04
2206002,IT-04
2206010,IT-04
2206014,IT-04
2206015,IT-04
2206017,IT-04
2206019,IT-04
2206023,IT-04
2206032,IT-04
2206041,IT-04
2206044,IT-04
2206058,IT-04
2206080,IT-04
2206085,IT-04
2206090,IT-04
2206091,IT-04
2206093,IT-04
2206097,IT-04
2206104,IT-04
2206112,IT-04
2206115,IT-04
2206118,IT-04
2206120,IT-04
2206132,IT-04
2206147,IT-04
2206149,IT-04
2206151,IT-04
2206156,IT-04
2206165,IT-04
2206166,IT-04
2206168,IT-04
2206191,IT-04
2206193,IT-04
2206195,IT-04
2206197,IT-04
2206211,IT-04
2206212,IT-04
2206216,IT-04
2206221,IT-04
2206224,IT-04
2206225,IT-04
2206227,IT-04
2206248,IT-04
2206286,IT-04
2206289,IT-04
2206290,IT-04
2206296,IT-04
2206301,IT-04
2206306,IT-04
2206308,IT-04
2206309,IT-04
2206325,IT-04
2206327,IT-04
2206335,IT-04
2206338,IT-04
2206342,IT-04
2206343,IT-04
2206347,IT-04
2206354,IT-04
2206359,IT-04
2206362,IT-04
2206365,IT-04
2206370,IT-04
2206371,IT-04
2206380,IT-04
2206395,IT-04
2206399,IT-04
2206410,IT-04
2206411,IT-04
2206413,IT-04
2206037,IT-05
2206079,IT-05
2206102,IT-05
2206121,IT-05
2206144,IT-05
2206172,IT-05
2206186,IT-05
2206187,IT-05
2206194,IT-05
2206245,IT-05
2206275,IT-04
2206005,IT-05
2206007,IT-05
2206013,IT-05
2206025,IT-05
2206029,IT-05
2206034,IT-05
2206035,IT-05
2206050,IT-05
2206051,IT-05
2206052,IT-05
2206055,IT-05
2206063,IT-05
2206075,IT-05
2206076,IT-05
2206083,IT-05
2206092,IT-05
2206099,IT-05
2206103,IT-05
2206105,IT-05
2206106,IT-05
2206113,IT-05
2206114,IT-05
2206123,IT-05
2206128,IT-05
2206130,IT-05
2206131,IT-05
2206143,IT-05
2206145,IT-05
2206148,IT-05
2206150,IT-05
2206154,IT-05
2206169,IT-05
2206175,IT-05
2206179,IT-05
2206180,IT-05
2206182,IT-05
2206188,IT-05
2206192,IT-05
2206205,IT-05
2206206,IT-05
2206209,IT-05
2206264,IT-05
2206265,IT-05
2206266,IT-05
2206285,IT-05
2206297,IT-05
2206299,IT-05
2206307,IT-05
2206318,IT-05
2206319,IT-05
2206323,IT-05
2206332,IT-05
2206333,IT-05
2206336,IT-05
2206340,IT-05
2206344,IT-05
2206364,IT-05
2206367,IT-05
2206369,IT-05
2206372,IT-05
2206379,IT-05
2206381,IT-05
2206388,IT-05
2206394,IT-05
2206400,IT-05
2206401,IT-05
2206402,IT-05
2306601,IT-05
22051176,CSE-15
22051420,CSE-17
22051533,CSE-17
22051708,CSE-19
22051713,CSE-53
22051727,CSE-20
22051794,CSE-27
22051874,CSE-21
22052031,CSE-22
22052565,CSE-23
22053403,CSE-04
22053407,CSE-44
22053420,CSE-44
22053542,CSE-29
22053553,CSE-09
22053686,CSE-54
22053936,CSE-33
22054178,CSE-39
2205419,CSE-41
22054237,CSE-43
22054238,CSE-48
22054267,CSE-51
22054325,CSE-51
22054423,CSE-55
2205638,CSE-44
23057002,CSE-24
23057050,CSE-44
2206358,IT-01
2206397,IT-01